{"twitter user id":"00442e6f9f93824d050eac5250b99454","class":"financial information"}
{"twitter user id":"010868afebed831d2cd652b3b683fc17","class":"financial information"}
{"twitter user id":"0138b09c45419f72372fe5b89d01ec44","class":"financial information"}
{"twitter user id":"0157e2f178dd502c914907483145cd33","class":"subjective opinion"}
{"twitter user id":"01d5828cdec400efc82e7c85659d769c","class":"subjective opinion"}
{"twitter user id":"05acfdcc1485ff173e72482b5bf1e4d2","class":"subjective opinion"}
{"twitter user id":"05ec71f991dcab8cc925c3df81ae9727","class":"advertising"}
{"twitter user id":"072efe542202ea11d5123ce945915733","class":"subjective opinion"}
{"twitter user id":"0735fcb78370408eae5bc51f68eadce5","class":"subjective opinion"}
{"twitter user id":"0a0015520da59cfacc8046e946e0736c","class":"financial information"}
{"twitter user id":"0ae7bf830541db0bfe360ade1d4fc4af","class":"announcement"}
{"twitter user id":"0b98bd4fdb3928f28a75b0a4127e5cca","class":"advertising"}
{"twitter user id":"0bee2320346be51751e4ef9cb1b118df","class":"advertising"}
{"twitter user id":"0cab7a017de8f514366fe65222f94c65","class":"subjective opinion"}
{"twitter user id":"0cda00e2242b28215be61c54afe0f1b8","class":"financial information"}
{"twitter user id":"0d9df14c29d2f9128eddceb8fef7a5c2","class":"subjective opinion"}
{"twitter user id":"0dba81ad0559555dfff922a8df34abf0","class":"announcement"}
{"twitter user id":"0dff92dbfb1e7f310687c9722c8fbadd","class":"advertising"}
{"twitter user id":"0e0b2cabe6c551aff93558c3f538cc10","class":"financial information"}
{"twitter user id":"0e3ec22d114f988028c33e04c43bcd98","class":"advertising"}
{"twitter user id":"0e82cf0501133e9287efc2a40977b861","class":"announcement"}
{"twitter user id":"131030ad14be0a3939d402128e35e3b9","class":"advertising"}
{"twitter user id":"137840e249a445fdae605484057d5782","class":"announcement"}
{"twitter user id":"13d54b5b884339f0fcb3b87000ec0839","class":"announcement"}
{"twitter user id":"14429167a293d8484d0fa4b70bc93601","class":"subjective opinion"}
{"twitter user id":"150943332a8dc5bd26523216c0db7287","class":"announcement"}
{"twitter user id":"15e46e4feff1a2e940e913da3e026890","class":"announcement"}
{"twitter user id":"1722272d0321b27679b20568e492c249","class":"announcement"}
{"twitter user id":"183797234afc2a8e0f7a16aa14a0bc3a","class":"advertising"}
{"twitter user id":"1837bd8a5f46685b979cef0d1b6009e3","class":"subjective opinion"}
{"twitter user id":"18ca6de6b21e89fd526f3d1454de9928","class":"advertising"}
{"twitter user id":"1959a4614e30aedb335909503975b82c","class":"subjective opinion"}
{"twitter user id":"197b18f4043f76567652a070617737e1","class":"subjective opinion"}
{"twitter user id":"1984c426ce74a07764a78518ee7e54b1","class":"advertising"}
{"twitter user id":"19c378eef0bacc572ed77b7e4e933051","class":"subjective opinion"}
{"twitter user id":"1b2a62fbdffdae09f44b41a0e6f1a429","class":"advertising"}
{"twitter user id":"1b84e25cbefca7bae45a8e4c1d27280b","class":"subjective opinion"}
{"twitter user id":"1cf79f113afd9aec951e9eec7182f4a3","class":"advertising"}
{"twitter user id":"1e3196baf41180853dddc55b457cc856","class":"financial information"}
{"twitter user id":"1f482ca72c89841ca6a6546b87bb7162","class":"financial information"}
{"twitter user id":"20225f9bb5fffb89d81a94e909fee963","class":"financial information"}
{"twitter user id":"20967909bde629174784d476b60fd534","class":"subjective opinion"}
{"twitter user id":"20e0fc8aa394f9ab52f991d922328e77","class":"subjective opinion"}
{"twitter user id":"215109af4b677184730f917d8d75cb67","class":"subjective opinion"}
{"twitter user id":"21b39f6d6b4d94fc4086de68044ef3b0","class":"financial information"}
{"twitter user id":"21f08314109cb5084c0093af48a572d4","class":"advertising"}
{"twitter user id":"2230c6d6d0f0e62c4c3870af90f7f785","class":"subjective opinion"}
{"twitter user id":"2372c9309ee668cc0d0f5db23671200a","class":"announcement"}
{"twitter user id":"2422e5d5a512e0dac0a37f92281ed0dd","class":"announcement"}
{"twitter user id":"249c8dabb88327d30f078d6699b29798","class":"financial information"}
{"twitter user id":"25afb836ac761f9b9ef1300ddc833f0b","class":"advertising"}
{"twitter user id":"267290057dc2ca7a2e332a083f43ffd4","class":"financial information"}
{"twitter user id":"29d3b212fbb9c38ae37fcaec74226d24","class":"financial information"}
{"twitter user id":"2a949e3eec9f6a8018f293ec0382007b","class":"financial information"}
{"twitter user id":"2bafba3ef1d0019dfef48da4db6acf24","class":"financial information"}
{"twitter user id":"2cccf1f0a771f09b9be587733e890277","class":"subjective opinion"}
{"twitter user id":"2d170f931233e93c0c6b70027f30ce3b","class":"announcement"}
{"twitter user id":"2f228cc5ca336b3cc1cdf91397aa4e72","class":"advertising"}
{"twitter user id":"30470c99ec899212a06600fa5002b45b","class":"subjective opinion"}
{"twitter user id":"3453aa08f7c08cec7113327aec4b1181","class":"announcement"}
{"twitter user id":"34e9f0efd0bdf81dd57ff10d27408bbd","class":"announcement"}
{"twitter user id":"3880feac27eaa4ad37e02db8b7cbc4ca","class":"announcement"}
{"twitter user id":"39500cdbc3bb191aed55fa90f93838a9","class":"advertising"}
{"twitter user id":"3ae4c2f19b7c94e5f74ca2274e06c7a7","class":"financial information"}
{"twitter user id":"3bcb50ce6fd2fe572a44323eb8d290a5","class":"announcement"}
{"twitter user id":"3c1db12aac3ce71e2380a7338391522a","class":"announcement"}
{"twitter user id":"3d78c081d89dbd2d0110d3296710c211","class":"advertising"}
{"twitter user id":"3e6daed859755cd1c89e88c3aff70feb","class":"subjective opinion"}
{"twitter user id":"3f2380951f3a98967b03d0eb000ad08b","class":"subjective opinion"}
{"twitter user id":"3f684d1d6d64da751fcee97a8e81a0f9","class":"advertising"}
{"twitter user id":"4103aae63f4ce44e3661ee1ac274ba81","class":"announcement"}
{"twitter user id":"41096d0073d0ad5ad5788cb912119ee6","class":"announcement"}
{"twitter user id":"41191fb5616c94776f852d462a97b74c","class":"announcement"}
{"twitter user id":"4190a82a32a96ef9ca599c974197cc37","class":"subjective opinion"}
{"twitter user id":"43e3a4439cc237bd5a02bad96c289971","class":"subjective opinion"}
{"twitter user id":"45e43f41f35a2081e0d82ef96688364a","class":"advertising"}
{"twitter user id":"483219aabca341ae5a88bddf07b11a76","class":"announcement"}
{"twitter user id":"4c31efbd4c3476b314235eb5dd25d206","class":"announcement"}
{"twitter user id":"4d3d7eda68c1d99a22e75342f371aa2d","class":"announcement"}
{"twitter user id":"4e7a28b3b680f35a8fbb12817cdc7e48","class":"announcement"}
{"twitter user id":"50c1eac4e0f62e5769ce65c1ebacaf15","class":"announcement"}
{"twitter user id":"516956f167f2cc0ca1c6f15dbb9e97ca","class":"advertising"}
{"twitter user id":"5202d2982a3f91a511f6cf319a566f1b","class":"announcement"}
{"twitter user id":"538041ad54a1f57b8052e4c267821bbd","class":"advertising"}
{"twitter user id":"53f3446cbc06faf1634d50f81a1c6d73","class":"announcement"}
{"twitter user id":"54afe2be93d602937cfdd65e91049b82","class":"announcement"}
{"twitter user id":"55463c67254015b20dd4a3ddb9d5069e","class":"advertising"}
{"twitter user id":"55b531bff48f9abfc4965f6a4508e87d","class":"financial information"}
{"twitter user id":"5640a9e403c1ef6c0fda955c8a5481e7","class":"subjective opinion"}
{"twitter user id":"565a933ea218f837ee33700eb2970970","class":"financial information"}
{"twitter user id":"57dbed8aedceb326b3a0892fb3483937","class":"announcement"}
{"twitter user id":"57ecc71654dce0a33d652bf1ca9b92e5","class":"advertising"}
{"twitter user id":"59b330de01b4ab1aad592e02e85dab1b","class":"advertising"}
{"twitter user id":"59db06124277eb98feeec8b2ac50d294","class":"financial information"}
{"twitter user id":"5b60d0b749008da485dec2c5147bf08c","class":"subjective opinion"}
{"twitter user id":"5bdb9e10f1557159c8c9682928024d4e","class":"financial information"}
{"twitter user id":"5c8e4f868134dd7de401ba646acb3312","class":"subjective opinion"}
{"twitter user id":"5ccc88b7e219c09029e631d4d5a7021f","class":"subjective opinion"}
{"twitter user id":"5d2b5e92be1daa1b218be7d4304471bd","class":"advertising"}
{"twitter user id":"5e45339b45bb6dd56766e15c4cebbb19","class":"announcement"}
{"twitter user id":"5f4b3df847f273da65ded02d17bf82ad","class":"financial information"}
{"twitter user id":"5f4db921581ecde785709d282f0aa7db","class":"announcement"}
{"twitter user id":"5f8c5d063b2a95e2db803f2be6875a42","class":"financial information"}
{"twitter user id":"60257dbca3d18782bbf047d146a7b2b8","class":"subjective opinion"}
{"twitter user id":"6048967c106ba37cf1f64b68a16bc439","class":"advertising"}
{"twitter user id":"60b6cfc2290b08b87492b23fd9f29024","class":"advertising"}
{"twitter user id":"60edad71b77a5faa7045ca845a76e0ae","class":"advertising"}
{"twitter user id":"61f8059fe5bf77036dbb979cedc249f9","class":"financial information"}
{"twitter user id":"61fbc14e66cd92cf5815221ac386b8b1","class":"announcement"}
{"twitter user id":"64888c559bfcb65c278feefc75f969a2","class":"financial information"}
{"twitter user id":"6549ed73edbc8fbb43c522333bf54243","class":"announcement"}
{"twitter user id":"656196c86dead31782d8c94b8bf7b1d7","class":"advertising"}
{"twitter user id":"66687629fee51895f79bc97beeb79592","class":"subjective opinion"}
{"twitter user id":"67b1591d11884a080af4af764614e7de","class":"financial information"}
{"twitter user id":"688166068f043fa07d5193f4d46b440b","class":"financial information"}
{"twitter user id":"695944ce1e69250f77c79cfabc6752e3","class":"advertising"}
{"twitter user id":"6a1b811e58635793fdb7d5571931aea1","class":"advertising"}
{"twitter user id":"6b69f397d4c110648db89a34efa47832","class":"subjective opinion"}
{"twitter user id":"6b6afc3da69ebdbcf7f5bff1e60cb568","class":"financial information"}
{"twitter user id":"6d97be4b342003362c2dd53d149a2ef7","class":"financial information"}
{"twitter user id":"6de1ef48189aa67f9ad2177e0762eb31","class":"advertising"}
{"twitter user id":"6fa5ea3c72ef23cf3c2e78affda85642","class":"subjective opinion"}
{"twitter user id":"70cf53af9dfd8ad7bac088cee6e84370","class":"subjective opinion"}
{"twitter user id":"72c279cc407fe2557f3e0e0429ba5d82","class":"subjective opinion"}
{"twitter user id":"7339f32a0fdd080f86f23669b3f8bae2","class":"announcement"}
{"twitter user id":"73538fe6bb25c920a6c071ca9c3885a9","class":"financial information"}
{"twitter user id":"73d0fae935f3a18e4a6b46ca3a31c1a4","class":"advertising"}
{"twitter user id":"74e4d33c695a964288a81e79c68a8cee","class":"subjective opinion"}
{"twitter user id":"78e2e653905833ea7625e417cc8e29d8","class":"subjective opinion"}
{"twitter user id":"790eaa5517d61834ba92fc882e0e470e","class":"subjective opinion"}
{"twitter user id":"7a935d0776837c041b3d6cf8e8f23a35","class":"advertising"}
{"twitter user id":"7c82c67b7df454ef10ad5b17bca2f470","class":"financial information"}
{"twitter user id":"7d21b93ad92eae013073468c2d96f866","class":"advertising"}
{"twitter user id":"7fa32fda4d67e8a20bab979db326ccfe","class":"announcement"}
{"twitter user id":"817e3bbe50f40ce5f7d6705ef9200304","class":"announcement"}
{"twitter user id":"81e0acbc174cf230b245f7ab0e035172","class":"financial information"}
{"twitter user id":"83bed0494139df991bdb664fffe573e7","class":"subjective opinion"}
{"twitter user id":"863b1c4d2f23bef7ff3b61b6aceb4396","class":"subjective opinion"}
{"twitter user id":"879c42255d8cf2f83154dfd8bc00b2bc","class":"financial information"}
{"twitter user id":"8a7423a4553fb4ba1d3de64c275a9f7c","class":"announcement"}
{"twitter user id":"8afab00668aa2f8dfc56bcbfe43bdb2c","class":"subjective opinion"}
{"twitter user id":"8d292b1d64a9251b0a568db338058647","class":"advertising"}
{"twitter user id":"8eed2e21d4d336cf430269d0d3a62837","class":"advertising"}
{"twitter user id":"8f38185a5f532af296549bf57b1d618a","class":"advertising"}
{"twitter user id":"90b0ad3beb8fab8ffa8db08aa5002f61","class":"financial information"}
{"twitter user id":"918d705a47bc87f17a697a75456751c2","class":"advertising"}
{"twitter user id":"91c194b864ea492c20a844774d3c474b","class":"subjective opinion"}
{"twitter user id":"937bc0a355ea8caf951bb03428dcd8b2","class":"subjective opinion"}
{"twitter user id":"94a4a02726de198a56c39e0ea8587be3","class":"financial information"}
{"twitter user id":"953415ee4277343910f0272904fbd96d","class":"advertising"}
{"twitter user id":"966b5092f07a5b031f875a69bc6d2db3","class":"financial information"}
{"twitter user id":"96ad25e467de6865d612446d60eb7d0c","class":"subjective opinion"}
{"twitter user id":"97624d2c297066841426b2595c2bbac7","class":"financial information"}
{"twitter user id":"987984ceb7c9d01a6c9d14e28f4a38f4","class":"announcement"}
{"twitter user id":"99dcfc0da721b33361198a99b2df1aea","class":"advertising"}
{"twitter user id":"9ac3f5dfc0b77b56ea1629f3e7476ac1","class":"financial information"}
{"twitter user id":"9aebb6ddd603d35d98a63e5f8d47d43e","class":"subjective opinion"}
{"twitter user id":"9b718cf188087594de3e6c812748cc66","class":"advertising"}
{"twitter user id":"9bc2daacc63c08dd218496fd0ab776f7","class":"financial information"}
{"twitter user id":"9de8b391a674c46b41456afc77bf0989","class":"subjective opinion"}
{"twitter user id":"9e6040a316dd3fa0e57e655b4536f44c","class":"announcement"}
{"twitter user id":"9ebd3802feb7ea90e844eafa2aa59d16","class":"financial information"}
{"twitter user id":"a067601bd9320d32c958e4faf1d84000","class":"subjective opinion"}
{"twitter user id":"a0921cc70f2dba9027d7c33a9a29d986","class":"advertising"}
{"twitter user id":"a2fff0bf4673a4c0b38b0aba282c2dca","class":"financial information"}
{"twitter user id":"a3073f2450127390742a57fbde9ded98","class":"financial information"}
{"twitter user id":"a3aa68f16395ef806cf05512e52f7c32","class":"financial information"}
{"twitter user id":"a56399f67d1abfef30eeca2721a253cf","class":"financial information"}
{"twitter user id":"a57133aa981f161a05f209c5d6389aa7","class":"financial information"}
{"twitter user id":"a5788c0b088b4c521301919eef464480","class":"subjective opinion"}
{"twitter user id":"a5bbf322b7587b3d47ba86d69a38bb21","class":"advertising"}
{"twitter user id":"a5bc4d96c383270d580472be7deb2dab","class":"subjective opinion"}
{"twitter user id":"a73573cf0da22449c441249683c1fc98","class":"financial information"}
{"twitter user id":"a8f9f50bd04a2d999fdd1ca6d3e527c4","class":"advertising"}
{"twitter user id":"aabbca5bd8c7b36a921b2bfe0bccf9cf","class":"advertising"}
{"twitter user id":"ad1b764ed8f69822ec327598042c6156","class":"announcement"}
{"twitter user id":"ad4556808eb46de3204aa9ee984ac0d9","class":"advertising"}
{"twitter user id":"adb6f5009edb0b787ccac0df4b5d5859","class":"advertising"}
{"twitter user id":"aeb20a716d747bef085cfeae1de4cbbc","class":"announcement"}
{"twitter user id":"aeb369ff4aee1fdef0fcfa8e54d59a96","class":"financial information"}
{"twitter user id":"aec06c658402b576515c5f66ca89d137","class":"announcement"}
{"twitter user id":"b06cce46734f1aff35e320008757663d","class":"advertising"}
{"twitter user id":"b29dbc44933e710efef6f3d93c679554","class":"announcement"}
{"twitter user id":"b2aeb0d93a2d3135acddf143b2d04c5d","class":"announcement"}
{"twitter user id":"b34e841f3518d15883865b28fb53177b","class":"financial information"}
{"twitter user id":"b4b10198b0707daeabc3708fef331286","class":"announcement"}
{"twitter user id":"b54d6c4382fafaaa55b9e5dcf16c158d","class":"subjective opinion"}
{"twitter user id":"b80d54139ee23f930d52449ffbae358b","class":"financial information"}
{"twitter user id":"b969817e69fcdae2e1ce394548160ab3","class":"subjective opinion"}
{"twitter user id":"b9a9b4395ea679ecf401b23fec7ee33a","class":"subjective opinion"}
{"twitter user id":"bb26e9ce4fd6625ccc6b2dcca544bcb4","class":"advertising"}
{"twitter user id":"bb817e6af9861500af5f252c42750e89","class":"advertising"}
{"twitter user id":"bbd17f64e44f8cb074b2f54802e6560f","class":"financial information"}
{"twitter user id":"bc506c3705ead6bf9ebbd04ea86269d3","class":"announcement"}
{"twitter user id":"bcd584731bcd82a0f43712126d52e727","class":"subjective opinion"}
{"twitter user id":"bd0ddea8f587a0f862bc1a0185d93dfb","class":"financial information"}
{"twitter user id":"becbb8cb607ee90458939444c9c2493c","class":"advertising"}
{"twitter user id":"bf77ba1faa59901b90a98891e10f311c","class":"financial information"}
{"twitter user id":"bfe3d32ff2926ed6e98ef80b698fd49c","class":"financial information"}
{"twitter user id":"c09d51292680d958308a3c7e75355d82","class":"announcement"}
{"twitter user id":"c0a294f5b1306b408d26ed56092f74c6","class":"subjective opinion"}
{"twitter user id":"c10244737dcd3b03b02db1c86d6af043","class":"advertising"}
{"twitter user id":"c1cdb71d0ede6ab8dc6bf13328957fef","class":"financial information"}
{"twitter user id":"c28c8e913621fa3ef632940c7d2cccd9","class":"announcement"}
{"twitter user id":"c5328605fef23f4a6c311a623747104a","class":"announcement"}
{"twitter user id":"c6eb3e1d51d7c68d70a4f7e8dcfd0104","class":"subjective opinion"}
{"twitter user id":"cb19fc64ea8d966205a57f112c641eca","class":"financial information"}
{"twitter user id":"cc099cf0916d08890ca418c29a22cbab","class":"announcement"}
{"twitter user id":"cd09a1d24460b8615a3e8c5db30f85cb","class":"announcement"}
{"twitter user id":"cd21c78bf7235424c2b3afb603d6dead","class":"advertising"}
{"twitter user id":"cd8ca8cd42f5bb7e02db5100ab5fdc5d","class":"advertising"}
{"twitter user id":"cdce12fccb068747e63059186f327875","class":"financial information"}
{"twitter user id":"cdf754674e9039cf86f94c61eee991fe","class":"announcement"}
{"twitter user id":"cecd240c103fb1fcb1df10a290d9e3e9","class":"announcement"}
{"twitter user id":"cf21703a6c143b7ed04194a7eada4595","class":"advertising"}
{"twitter user id":"cf2bef2809212f5cb4b72fd730d10c9b","class":"advertising"}
{"twitter user id":"cfac7b9a29f6c1445042fa058fa8874f","class":"financial information"}
{"twitter user id":"d1748f1ca1aa8fc85559b0925b9e7eb8","class":"financial information"}
{"twitter user id":"d1aad0aa1d7d91afcf61d72cff59fe1f","class":"announcement"}
{"twitter user id":"d594fe4e950a64793bef133626dbe18e","class":"advertising"}
{"twitter user id":"d5dc470eb5ccc073d9294b9960ce2cd1","class":"announcement"}
{"twitter user id":"d6a6f241e53be7389198edf4001eb4d4","class":"advertising"}
{"twitter user id":"d6c3cf11060d87dcba8623c7dcd15eb8","class":"subjective opinion"}
{"twitter user id":"d739a9f77ef0832ff768d7358b6576b0","class":"subjective opinion"}
{"twitter user id":"d8836fa1857e3529a940ecd99c4d90b2","class":"advertising"}
{"twitter user id":"dc10ddcd58eab9fc9b1a488b8334056c","class":"announcement"}
{"twitter user id":"dc3bd152168a9151d86ffd5ad423fe98","class":"announcement"}
{"twitter user id":"deac618a87e39da12502e61dac905057","class":"subjective opinion"}
{"twitter user id":"e1b99655942d638f10d0b3ff5f6e9d1b","class":"subjective opinion"}
{"twitter user id":"e1ba8e30d5f37e3d1f6920eca76e4175","class":"announcement"}
{"twitter user id":"e69acd35af9332273a0eb558f683a33f","class":"advertising"}
{"twitter user id":"e7a2cc8e267168e014761e17b8966db3","class":"advertising"}
{"twitter user id":"ea0a381e5b2e0ed416f100ec07d1a41a","class":"subjective opinion"}
{"twitter user id":"ea35bb9702dc04d9e03f7cc8e179b18c","class":"financial information"}
{"twitter user id":"eb9287e566405ae51907029ec7fcf89c","class":"financial information"}
{"twitter user id":"ec2b09ca1a478daaae237ee973748b43","class":"announcement"}
{"twitter user id":"efc7571df9551d6e1b8df78fe4eb3902","class":"subjective opinion"}
{"twitter user id":"efcfe3ab456fb2a535b1f71109d5f244","class":"subjective opinion"}
{"twitter user id":"f07e753fc7c1c0a5b785b2279e6edf22","class":"advertising"}
{"twitter user id":"f0f60f80359cb5eaee54942e302f1c6d","class":"announcement"}
{"twitter user id":"f1a3ff3045169aa6226330194769d699","class":"financial information"}
{"twitter user id":"f3ea5b939696d64c0e70e5658b48c510","class":"announcement"}
{"twitter user id":"f400502e7200934fb617424f069927a6","class":"financial information"}
{"twitter user id":"f4899c08eee3d60ffd097453945e6688","class":"financial information"}
{"twitter user id":"f61be5ab8d89cfc24e954820e8220887","class":"announcement"}
{"twitter user id":"f684991e1d688d096d2dce4e57e6855b","class":"announcement"}
{"twitter user id":"f6d882af8edcea0fd7801b14deaed155","class":"subjective opinion"}
{"twitter user id":"f7c5313d5f3cfc95605efa0fad9d2631","class":"subjective opinion"}
{"twitter user id":"f7d04e7f61f0cec8207e0e3747f3649d","class":"advertising"}
{"twitter user id":"f82919c11a46ec709db9ba5420235491","class":"announcement"}
{"twitter user id":"fbb9fec870a3e4cb1a00bba8b8c78112","class":"advertising"}
{"twitter user id":"fbca42bb8a4d79df61a6b8f06e4433b3","class":"financial information"}
{"twitter user id":"fc6022a54378a307d2e409e2048de521","class":"subjective opinion"}
{"twitter user id":"fe79699d016c221a2b326dc70704502b","class":"financial information"}
{"twitter user id":"fe9a113e31b99fd8f4daeddcf3dde9c5","class":"subjective opinion"}
{"twitter user id":"ffbbcf65b5dc18cb95893d566ac3392e","class":"announcement"}
