{"twitter user id":"00442e6f9f93824d050eac5250b99454","texts":[{"text":"Chevron price target raised to $160 from $150 at Truist $CVX"}],"tweet ids":[{"tweet id":"f0340e3423d6c9bb4619fa019eaa83a6"}]}
{"twitter user id":"010868afebed831d2cd652b3b683fc17","texts":[{"text":"@dougboneparth @ppearlman $BAL ends the day up 0.8%"}],"tweet ids":[{"tweet id":"c74e9732174f49273a424feadbb57298"}]}
{"twitter user id":"0138b09c45419f72372fe5b89d01ec44","texts":[{"text":"#AXS (Update)  Running in +39% Profit As Expected\ud83d\udcc8\ud83d\udcc8\ud83d\udcc8  #AXSUSDT $AXS #USDT https:\/\/t.co\/70jd0thk9m"}],"tweet ids":[{"tweet id":"51adb718e583967b57d823a4437e66db"}]}
{"twitter user id":"0157e2f178dd502c914907483145cd33","texts":[{"text":"Great to see @QiDaoProtocol that started on @0xPolygon grow to be a major stablecoin player! Having liquidity on several chains, it's a perfect fit for Aave V3.   Vote now with $AAVE to give it wider acceptance Fam! \ud83d\ude4f\ud83c\udffc  https:\/\/t.co\/aQsOjpUtgU"}],"tweet ids":[{"tweet id":"e2e266e474a909aded3fe3fa2e44d317"}]}
{"twitter user id":"01d5828cdec400efc82e7c85659d769c","texts":[{"text":"What are we saying about $FXS?    I'll ignore the coming snapshot for the airdrop and I will wait for price to reach lower before I spot buy some Frax.     IMO this snapshot is only the driver for the price to have a short-term rally before falling brutally.     Expect a hard selloff. https:\/\/t.co\/AkradbARhu"}],"tweet ids":[{"tweet id":"29619c83add2eb2dbffaf093e85c48c8"}]}
{"twitter user id":"05acfdcc1485ff173e72482b5bf1e4d2","texts":[{"text":"RETWEET IF YOU BELIEVE HUGE $DOGE PUMP COMING SOON! \ud83d\udd25                                              @elonmusk \ud83d\udc40"}],"tweet ids":[{"tweet id":"25997ce6831b7a6404eb30923f2b7880"}]}
{"twitter user id":"05ec71f991dcab8cc925c3df81ae9727","texts":[{"text":"Opera browser now supports Handshake domains giving millions access to web3 and the decentralized internet. Make sure you own your online identity with $HNS top level domains.     Check out https:\/\/t.co\/PNmCpiUUHU and https:\/\/t.co\/nQQSnvAGtG"}],"tweet ids":[{"tweet id":"710a58f0106f1ed8fe6b1f91bcb1dfc2"}]}
{"twitter user id":"072efe542202ea11d5123ce945915733","texts":[{"text":"@VeChainLuke $OXT is crushing it and will soon 3x"}],"tweet ids":[{"tweet id":"772e1546be2189282c38197724562d91"}]}
{"twitter user id":"0735fcb78370408eae5bc51f68eadce5","texts":[{"text":"Stop loss hit at 0.4116 $KEEP #KEEP Join discord: https:\/\/t.co\/eKDzQ4kQpf"}],"tweet ids":[{"tweet id":"f0713817630b492e51a68c354c3a070a"}]}
{"twitter user id":"0a0015520da59cfacc8046e946e0736c","texts":[{"text":"Frax Share 1-week AltRank\u2122 is up 20.95% to 306 with price down -8.985% to $37.08     https:\/\/t.co\/STfxDs3gMe  $FXS #Frax Share #LunarCrush"}],"tweet ids":[{"tweet id":"09cf448ea59080450fe29546f70bbcf7"}]}
{"twitter user id":"0ae7bf830541db0bfe360ade1d4fc4af","texts":[{"text":"First 10 of 2500 from the Shibnobi collection dropped on CDC! 25% of royalties go to HODLers in $CRO! Get yours today! #NFT #cro #fftb #cdcnft #cryptodotcomnft #NFTdrop https:\/\/t.co\/HTweBC26Um"}],"tweet ids":[{"tweet id":"87f3ff7c5dcfd1d66a2f515484aa9ce1"}]}
{"twitter user id":"0b98bd4fdb3928f28a75b0a4127e5cca","texts":[{"text":"@TheMoonCarl Yep, I've been #bullish on $CRO for quite some time now. I hope @Mecha_Morphing will launch their token too; I'll definitely hold them on my dear life! \ud83d\ude09    Also, check their #NFT box sale on @TheBinanceNFT which will happen on Feb. 22 at 11"}],"tweet ids":[{"tweet id":"0b2bc19b651d0a6d2b9cc8f21d16f593"}]}
{"twitter user id":"0bee2320346be51751e4ef9cb1b118df","texts":[{"text":"$DODO  Real profit come out soon hit the target price.. Enjoy premium alerts $1 for 30 days https:\/\/t.co\/UTF9lBqpdJ"}],"tweet ids":[{"tweet id":"7ae41b06010d862987e565003cd874ab"}]}
{"twitter user id":"0cab7a017de8f514366fe65222f94c65","texts":[{"text":"Im honestly afraid to play around with $LRC \u2026 seems tempting but I\u2019m not sure. Let\u2019s see what bitcoin does first"}],"tweet ids":[{"tweet id":"3432abc5accbc90da4923a2fa56f8055"}]}
{"twitter user id":"0cda00e2242b28215be61c54afe0f1b8","texts":[{"text":"Picking one of the most hated projects to proof my point about r:r ratio     $ETC\/BTC  \ud83d\udd39potential 3D bullish divergence forming   \ud83d\udd39target measurement at least 50% vs #BTC   \ud83d\udd39HTF S\/R flip https:\/\/t.co\/qL9b4zgJvb"}],"tweet ids":[{"tweet id":"56ff9c2ec1a797d9d5a48e501fbcb4a2"}]}
{"twitter user id":"0d9df14c29d2f9128eddceb8fef7a5c2","texts":[{"text":"@TheCryptoLark $ADA will dominate soon"}],"tweet ids":[{"tweet id":"6d3b8fee84f924f15706496771354378"}]}
{"twitter user id":"0dba81ad0559555dfff922a8df34abf0","texts":[{"text":"COMET #4 AUCTIONS END IN 3 HOURS! \ud83d\udc40\u2604\ufe0f\ud83d\udd25    Auctions end @ 8PM UTC to bid! \u23f0 #NEO #NFTLaunch    *bids placed in the last 10 min will revert the timer back to 10 min remaining!    Bid using $NEO on some of the rarest #NFTCollectibles in the #Metaverse    Bid Here\u27a1\ufe0fhttps:\/\/t.co\/4eoR3hqfN6 https:\/\/t.co\/1BljfjJbhJ"}],"tweet ids":[{"tweet id":"228bef6c36469087c5e3c197b537f826"}]}
{"twitter user id":"0dff92dbfb1e7f310687c9722c8fbadd","texts":[{"text":"$SNX Bullish pattern building. Free trial at https:\/\/t.co\/z6vAd7dl0q https:\/\/t.co\/8NChT7Abie"}],"tweet ids":[{"tweet id":"41711f4e69d9c73a86371eae4fec8eb6"}]}
{"twitter user id":"0e0b2cabe6c551aff93558c3f538cc10","texts":[{"text":"$FXS \u2705  Increased 3.75% in 7.7 hour(s) \ud83d\udcb5 Price - 21.65200000 USDT \u23f1\ufe0f [28 Feb] - 04:29:33 UTC #FXS #FXSUSDT #CryptoBOT"}],"tweet ids":[{"tweet id":"5076ad3e4ca2b38cce7bddbeee55221f"}]}
{"twitter user id":"0e3ec22d114f988028c33e04c43bcd98","texts":[{"text":"$ETC ~ Find active market alerts here in this best  trading community.   https:\/\/t.co\/Zbdz1PKmin"}],"tweet ids":[{"tweet id":"db9fe897127b711786969b7cc1c24936"}]}
{"twitter user id":"0e82cf0501133e9287efc2a40977b861","texts":[{"text":"\ud83d\uddf3\ufe0fYou voted; we listened! We\u2019ve listed  @Immutable ($IMX) chosen by our awesome #Premium community.   \ud83d\udcc8Exchange $IMX with 32 other cryptos and up to 16 fiats (create exchange pairs that don\u2019t exist anywhere else on the market) with the #SwissBorg app!  https:\/\/t.co\/INH0Fo5xHw https:\/\/t.co\/IBcZgdXV9C"}],"tweet ids":[{"tweet id":"9e0a6440dead569b9c3d60ba2ef57dfe"}]}
{"twitter user id":"131030ad14be0a3939d402128e35e3b9","texts":[{"text":"$XCH Crowd-sourced alerts, ranking system,, and get paid being a top contributor,..  https:\/\/t.co\/3D6z0XyMGQ"}],"tweet ids":[{"tweet id":"a1b03b277cae3fff5ebac41daf282f55"}]}
{"twitter user id":"137840e249a445fdae605484057d5782","texts":[{"text":"get yxour bid on, #NFTcommunity!    $ONE #HarmonyONE #NFTs https:\/\/t.co\/9MDCcpiPqe"}],"tweet ids":[{"tweet id":"01cfc864547629dec09ff9e56a8eae0d"}]}
{"twitter user id":"13d54b5b884339f0fcb3b87000ec0839","texts":[{"text":"#XTexchange will list $AR @ArweaveTeam in the Innovation Zone (Gray Scale) under AR\/USDT trading pair.  \u2705Deposit &amp; Trading:07: 30 on Jan 26 (UTC) \u2705Withdrawal: 03: 00 on Jan 27 (UTC)  \ud83c\udfc6AR Trading Competition - $10,000 to be Won !   #Arweave  Details: https:\/\/t.co\/VmSUME5RTx https:\/\/t.co\/i2vDKmk8az"}],"tweet ids":[{"tweet id":"d3f91b33565e1936f19e9cfeeb16ca96"}]}
{"twitter user id":"14429167a293d8484d0fa4b70bc93601","texts":[{"text":"Can $LRC reach an ATH this month?"}],"tweet ids":[{"tweet id":"9a6abd3f8f931ceac74f08f44c7d11fb"}]}
{"twitter user id":"150943332a8dc5bd26523216c0db7287","texts":[{"text":"Limited stock of Nebra Indoor (US915\/EU868) &amp; SenseCAP M1 (US915) hotspots available for purchase &amp; immediate shipment NOW at https:\/\/t.co\/9F37raZOey \ud83d\udea8 $HNT"}],"tweet ids":[{"tweet id":"29f0f8dc7c01c2c9c8923278c28d429d"}]}
{"twitter user id":"15e46e4feff1a2e940e913da3e026890","texts":[{"text":"$RLY Real price will come out soon!!   https:\/\/t.co\/LnAA6oV3Yq"}],"tweet ids":[{"tweet id":"601e3759119f390390e1b471a0e0b18d"}]}
{"twitter user id":"1722272d0321b27679b20568e492c249","texts":[{"text":"_ @binance will offer @anchor_protocol $ANC farming on Binance Launchpool as of Jan 26th. Users will be able to stake their BNB, LUNA and BUSD into separate pools to farm ANC tokens over 30 days, starting Jan 26. 2M ANC to be available for this activity.  https:\/\/t.co\/5N10h7xd48 https:\/\/t.co\/n4rMFaPm5s"}],"tweet ids":[{"tweet id":"126f7595ebd2c7693cfec5af44abd383"}]}
{"twitter user id":"183797234afc2a8e0f7a16aa14a0bc3a","texts":[{"text":"$DODO Best Chatroom , I've made over $260K  By their alert,,,. https:\/\/t.co\/rOaOTffOml"}],"tweet ids":[{"tweet id":"d3f1dfc7743cc8b1b2270fc187ab4eaa"}]}
{"twitter user id":"1837bd8a5f46685b979cef0d1b6009e3","texts":[{"text":"@SplitCapital Love to see it. It would also be bomb to have a $SYN pair on Arbitrum (cc @AureliusBTC @SynapseProtocol @ThinkingUSD)"}],"tweet ids":[{"tweet id":"99be311652b23b920ae4b9d834a529f1"}]}
{"twitter user id":"18ca6de6b21e89fd526f3d1454de9928","texts":[{"text":"$DODO Crowd-sourced alerts, ranking system, and get paid being a top contributor. https:\/\/t.co\/4tt7QDCc8K"}],"tweet ids":[{"tweet id":"3ffbdeb776f0b16c4e543f08a0abecfd"}]}
{"twitter user id":"1959a4614e30aedb335909503975b82c","texts":[{"text":"@nearmooonkeys $NEAR"}],"tweet ids":[{"tweet id":"f05ba617e34ec4eb53c8f95ccea7a3ab"}]}
{"twitter user id":"197b18f4043f76567652a070617737e1","texts":[{"text":"$AVAX #crypto looks like it\u2019s picking up nicely\ud83d\ude4c\ud83c\udffb bought some yesterday!"}],"tweet ids":[{"tweet id":"aa061042d6d54c7ddd31f83dc80792cd"}]}
{"twitter user id":"1984c426ce74a07764a78518ee7e54b1","texts":[{"text":"Polkadotpro (DOT) Token Airdrop      Reward : 500000000 $DOT  Refar : Refer to get 30% BNB + 70% POLKADOT PRO TOKEN."}],"tweet ids":[{"tweet id":"88f353af1fb1319af84758b10eab8480"}]}
{"twitter user id":"19c378eef0bacc572ed77b7e4e933051","texts":[{"text":"@cronospad_ #Cronospad $CRO #Cronos  Good"}],"tweet ids":[{"tweet id":"65da8f7086d314c88b4f1c4f2ae62fb1"}]}
{"twitter user id":"1b2a62fbdffdae09f44b41a0e6f1a429","texts":[{"text":"\ud83d\udc33 #Cardano $ADA Whale \u2764\ufe0flaced! \ud83d\udcb0 Transaction Output: 1.8M \u20b3D\u20b3 \/ 2.28M USD  \ud83d\udc41\ufe0f Tx info: \u27a1\ufe0f https:\/\/t.co\/NnzNYpNNMA  \ud83d\ude4fSupport us: - Stake with  \u262e\ufe0fPEACE\u262e\ufe0f pool: https:\/\/t.co\/Uztjjf2EbE - Stake with SHARP\/EASY1\/BOOST\/GMBL #fintech #blockchain #crypto"}],"tweet ids":[{"tweet id":"a6cd28d8433a716e6c314b4dc8d7b47e"}]}
{"twitter user id":"1b84e25cbefca7bae45a8e4c1d27280b","texts":[{"text":"Polygon Co-Founder @sandeepnailwal Talks #Ethereum Scaling and $MATIC News\ud83d\udc47  @logannross @ryanonchain @0xPolygon  https:\/\/t.co\/PmqEQFvSUs"}],"tweet ids":[{"tweet id":"d41d1a7c27a88474929019d5f44f3b4e"}]}
{"twitter user id":"1cf79f113afd9aec951e9eec7182f4a3","texts":[{"text":".@IcpReboot is a community based project forking $ICP    They are offering an airdrop I cannot have you miss out on!!!\ud83d\ude80    To participate RT their pinned tweet, send an email to hello@icpr.io with \"airdrop\" as the subject and a brief statement of how you can help the ICPR movement!! https:\/\/t.co\/rtPal0pjl8"}],"tweet ids":[{"tweet id":"8d33d6ac4fe91cb8c98f209aa8455b43"}]}
{"twitter user id":"1e3196baf41180853dddc55b457cc856","texts":[{"text":"$CVX $150.00 Mar 25 2022 PUT \u2b07\ufe0f\ud83c\udf0a Underlying: $159.05 % Difference: 6.03% Daily $ Volume: $345,202 Volume: 2,431 OI: 541 IV: 43.69% Bid\/Ask: $1.38\/$1.46"}],"tweet ids":[{"tweet id":"da84ce230cc24f97f5dbd0d6a9d556be"}]}
{"twitter user id":"1f482ca72c89841ca6a6546b87bb7162","texts":[{"text":"Have you noticed the two major sales of last night? Two Golden #ETCBayc have been sold. After this sale, the floor prices of golden apes increased to 265 $ETC. HODLLLL! \u270c\ufe0f\ud83e\udd8d\ud83d\ude80    Marketplace \ud83d\udc49 https:\/\/t.co\/BXztyzInV9    #NFT #NFTCommmunity #ETC #EthereumClassic #ETCArmy https:\/\/t.co\/ef6Ovrkgms"}],"tweet ids":[{"tweet id":"296bc8dcff7c61c78e5cbac936bf6ea2"}]}
{"twitter user id":"20225f9bb5fffb89d81a94e909fee963","texts":[{"text":"$DOGE making a bullish ascending triangle on smaller timeframe. If breaks upwards Happy Meals for everyone! https:\/\/t.co\/mrOkN3drz9"}],"tweet ids":[{"tweet id":"22f35297164f9d3bf327507cd87e0940"}]}
{"twitter user id":"20967909bde629174784d476b60fd534","texts":[{"text":"@Theta_Sol behind a very interesting project, there must be those (teams) who work very hard on this project.  I will always support this project in the future.  @Kopiii_Pagi @PahitLidah19 @D_Rogue007  $THETA #Solana #SolanaAirdrop #SolanaMeta #Airdrop"}],"tweet ids":[{"tweet id":"5d705e30e5dabec0a862d1e69ece2dea"}]}
{"twitter user id":"20e0fc8aa394f9ab52f991d922328e77","texts":[{"text":"@TheSandboxGame I just participated in the daily #SandboxAlphaS2Contest for a chance to earn up to 1,000 $SAND! Starting March 14 -  Show your Raffle Tickets. Check out my screenshot below! \ud83d\udc47 #SandboxAlphaS2 https:\/\/t.co\/bonvgEsKn6"}],"tweet ids":[{"tweet id":"4a9ac1c36d83e141751d5fe8098fffa9"}]}
{"twitter user id":"215109af4b677184730f917d8d75cb67","texts":[{"text":"Pretty cool alpha use case of ZK on $MINA https:\/\/t.co\/rfAKIGcP6A"}],"tweet ids":[{"tweet id":"490064ea064811aebf99d0f8876c3343"}]}
{"twitter user id":"21b39f6d6b4d94fc4086de68044ef3b0","texts":[{"text":"*TOOK PROFIT * FOR $UNI LONG POSITION ENTRY PRICE:$22.52 EXIT PRICE:$22.648 START BALANCE:$10000 OLD BALANCE:$84532 NEW BALANCE:$89336.6607460035 DATE:2021-12-02 21:00:41.269565 ALGO NAME:ALT\/BTC SPEED TRACKER ALGO ACCURACY:46%"}],"tweet ids":[{"tweet id":"8aeaa2ef4586afd674c6e7b9eb732b3a"}]}
{"twitter user id":"21f08314109cb5084c0093af48a572d4","texts":[{"text":"@news_of_bsc @MooMonsterNFT @playbithotel @faraland_io @faraland_io #Faraland is the best game on BSC $FARA"}],"tweet ids":[{"tweet id":"ff2dd89463aea1f504f6bea5c8bbc5f3"}]}
{"twitter user id":"2230c6d6d0f0e62c4c3870af90f7f785","texts":[{"text":"$YFI~I've made Over $70k last month&lt;&gt;&lt;&gt;  https:\/\/t.co\/y2k5a0zR8K"}],"tweet ids":[{"tweet id":"70bccee23981fc38c3ce295bb5181b01"}]}
{"twitter user id":"2372c9309ee668cc0d0f5db23671200a","texts":[{"text":"$PERP~I made $50000000000 in 30 seconds.......  https:\/\/t.co\/go0ATAUu6L"}],"tweet ids":[{"tweet id":"a367eadc85b410f7160ce7581a03843e"}]}
{"twitter user id":"2422e5d5a512e0dac0a37f92281ed0dd","texts":[{"text":"Breaking: $Aave discord admin got hacked don\u2019t click any links. #AAVE #DeFi #infosec #CyberSec"}],"tweet ids":[{"tweet id":"10589f534bee42051d0e608c321f16c7"}]}
{"twitter user id":"249c8dabb88327d30f078d6699b29798","texts":[{"text":"Symbol: $YFI  Timeframe: 15m  Position: Long  Price: 25225.0  Time: 2022-02-07 14:45:13"}],"tweet ids":[{"tweet id":"a006c2c99e6f0b57cbb22ebb50947b4e"}]}
{"twitter user id":"25afb836ac761f9b9ef1300ddc833f0b","texts":[{"text":"$ROSE ~ If you really want to make huge profits on trading than check  out this chat :; https:\/\/t.co\/xkCWM1Bc6t"}],"tweet ids":[{"tweet id":"6aa6cc3774dfedc82f6f5b6d51a2bc7b"}]}
{"twitter user id":"267290057dc2ca7a2e332a083f43ffd4","texts":[{"text":"$SPELL #SpellToken one of the BEST #tokens to be invested right now IMO \ud83d\ude80 #MultiChain #token with $290M trading hands \ud83d\ude80 $559M #marketcap \ud83d\ude80 #ATH $0.075 buy now at $0.007+\/- \ud83d\ude80 Market rebound make millions of millionaires \ud83d\ude80\ud83d\ude80\ud83d\ude80 https:\/\/t.co\/2LXsZqXZ29"}],"tweet ids":[{"tweet id":"163babaab9a6753722f18df7439a291c"}]}
{"twitter user id":"29d3b212fbb9c38ae37fcaec74226d24","texts":[{"text":"$SPELL \u2705  Increased 3.68% in 17.0 min(s) \ud83d\udcb5 Price - 0.00809000 USDT \u23f1\ufe0f [30 Jan] - 06:57:23 UTC #SPELL #SPELLUSDT #CryptoBOT"}],"tweet ids":[{"tweet id":"a871e81930e299d023123c01b5ea07d3"}]}
{"twitter user id":"2a949e3eec9f6a8018f293ec0382007b","texts":[{"text":"$ETH #Ethereum Longs need $2,250 to hold. If it doesn't, a flush to $1,750-$1,900 is possible.    These are anchored VWAPs with the first being the covid low VWAP &amp; then 3 handoffs from there. A handoff is the last candle to touch the previous VWAP. Learned from @alphatrends https:\/\/t.co\/paP0mHsi6T"}],"tweet ids":[{"tweet id":"c21348411f13e810dd0d5b64421ed902"}]}
{"twitter user id":"2bafba3ef1d0019dfef48da4db6acf24","texts":[{"text":"[Spot] By 2022-01-12 14:00 GMT, SUSHI total trading volume of 23,235,498SUSHI and net cap flow of $40M in last 24 hrs. #cryptocurrency #CryptoCapFlow $SUSHI https:\/\/t.co\/22HXiM4SqU"}],"tweet ids":[{"tweet id":"f2734becd352d9d9c5fb1a4e75fdd761"}]}
{"twitter user id":"2cccf1f0a771f09b9be587733e890277","texts":[{"text":"Instructions unclear.    Bought more $ATOM ecosystem coins"}],"tweet ids":[{"tweet id":"ad76279af1348016c2be21a1ef0e4cfb"}]}
{"twitter user id":"2d170f931233e93c0c6b70027f30ce3b","texts":[{"text":"StellaSwap going live with #Fantom #ILO on 22 Feb, 4PM UTC \u26a1\ufe0f    Bridge your $FTM to @MoonbeamNetwork with no fees now to earn 10% discount on STELLA! \ud83d\udcb0    Bookmark the ILO page for later: https:\/\/t.co\/Mz8x5tcxnd    #Fantom #ILO #FTM #StellaSwap https:\/\/t.co\/r7nFQOzT3X"}],"tweet ids":[{"tweet id":"8f9c6e1ac10f0801a72e824b722012f9"}]}
{"twitter user id":"2f228cc5ca336b3cc1cdf91397aa4e72","texts":[{"text":"$OHM Best room on the net. Stay turned: . https:\/\/t.co\/J1vUlpGUNT"}],"tweet ids":[{"tweet id":"79f90646414ce12f7b39f2c860f27998"}]}
{"twitter user id":"30470c99ec899212a06600fa5002b45b","texts":[{"text":"$FTT is a joke. No equity or governance rights, no chance of a dividend, no burns (and wtf happens when they IPO?) \u2026 it\u2019s just free upside for FTX founders to dump on retail plebs    You\u2019ll get more exposure to Sam by selling him cucumbers and Brussels sprouts https:\/\/t.co\/FjeQVhZ7ih"}],"tweet ids":[{"tweet id":"bd56a51f5b552364b907fbc8f1103b11"}]}
{"twitter user id":"3453aa08f7c08cec7113327aec4b1181","texts":[{"text":"\ud83d\ude80 New Listing    CoinEx Lists $CELO on 14th Dec  @CeloOrg is a mobile-first open platform that makes crypto accessible    \u2705 Trading Pair: CELO\/USDT, CELO\/BTC  \u2705 Deposit &amp; Withdrawal: 3AM UTC 14th Dec  \u2705 Trading: 7AM UTC 14th Dec    Learn more \ud83d\udc49 https:\/\/t.co\/CPjvyqQfDG    #CoinEx #dApps https:\/\/t.co\/M8gjNQR1RO"}],"tweet ids":[{"tweet id":"4038ea0b84e320ef515df0178b55c024"}]}
{"twitter user id":"34e9f0efd0bdf81dd57ff10d27408bbd","texts":[{"text":"Second $ATLAS node created. \ud83d\ude4c\ud83c\udffc https:\/\/t.co\/5axqkMoMAw"}],"tweet ids":[{"tweet id":"fa27ed2701344fc6f06c744b26185473"}]}
{"twitter user id":"3880feac27eaa4ad37e02db8b7cbc4ca","texts":[{"text":"\ud83d\udd25@BinanceUS is listing #TRON @trondao  \ud83d\udcb1#TRX\/#USD, TRX\/#USDT, TRX\/#BUSD, and TRX\/#BTC  \u23f0Start trading on March 31, 2022, at 5PM PDT  \ud83d\udcb3Users can buy $TRX with Bank Transfer (ACH), Debit Card, or Wire Transfer once trading goes live. https:\/\/t.co\/IQq70NumPs"}],"tweet ids":[{"tweet id":"3014bef4b3b1ffcbfc7b330a06ef7902"}]}
{"twitter user id":"39500cdbc3bb191aed55fa90f93838a9","texts":[{"text":"The Gal\u00e1pagos Islands \ud83d\udc99  Considered to be one of the world's foremost destinations for wildlife viewing. Check out the incredible activities &amp; experiences you can book there with $MANA \ud83e\udd3f\u2b07\ufe0f https:\/\/t.co\/iQbv5knj41 @decentraland #MANA https:\/\/t.co\/DyK9HG5f1D"}],"tweet ids":[{"tweet id":"0fa08766b60cb945121dc0dbce90e2d1"}]}
{"twitter user id":"3ae4c2f19b7c94e5f74ca2274e06c7a7","texts":[{"text":"Celo #Bullish Sentiment is up 24.39% to 41,091 with price up 13.84% to $6.53     https:\/\/t.co\/BnVvx4aP3l  $CELO #Celo #LunarShare #LunarCrush https:\/\/t.co\/AopINPqNyZ"}],"tweet ids":[{"tweet id":"c506855313bbe12d9e5aacc21c5c4dc8"}]}
{"twitter user id":"3bcb50ce6fd2fe572a44323eb8d290a5","texts":[{"text":"New day \u2013 new listing!\ud83e\udd29  Send, receive and store $CREAM in @SimpleHold \ud83d\udc9a    @CreamdotFinance is a decentralized lending protocol to access financial services. The protocol is permissionless, transparent, and non-custodial.    Join SimpleHold\ud83d\udc47  https:\/\/t.co\/QGDdfoEURi https:\/\/t.co\/z69vjyVU5l"}],"tweet ids":[{"tweet id":"599401c9d2f765c2dfbe5d2a6a52406f"}]}
{"twitter user id":"3c1db12aac3ce71e2380a7338391522a","texts":[{"text":"\ud83c\udf63 On Mar. 9, we\u2019ll cross-chain-list $SUSHI (@SushiSwap). It\u2019s on ~365k watchlists (https:\/\/t.co\/Z1RQU3hEpV), held by ~46k addresses (https:\/\/t.co\/i43RsEaGXF). https:\/\/t.co\/U4NVKqHX3i"}],"tweet ids":[{"tweet id":"abe75b8a59e1613e7930e8d17d3fb68d"}]}
{"twitter user id":"3d78c081d89dbd2d0110d3296710c211","texts":[{"text":"$XCH~If you really want to make huge profits on trading then check out this chat;  Today's watchlist &amp; winning alerts***  https:\/\/t.co\/KndVBMuK2K"}],"tweet ids":[{"tweet id":"9036f11b99c9e732f43d03e94b16e764"}]}
{"twitter user id":"3e6daed859755cd1c89e88c3aff70feb","texts":[{"text":"$ADA is so fk*** undervalued"}],"tweet ids":[{"tweet id":"660736c963cdde787d173801716e7d23"}]}
{"twitter user id":"3f2380951f3a98967b03d0eb000ad08b","texts":[{"text":"k then $OXT"}],"tweet ids":[{"tweet id":"41f426d3239dabca28755c58246c45cd"}]}
{"twitter user id":"3f684d1d6d64da751fcee97a8e81a0f9","texts":[{"text":"\u2b50\ufe0fSetup A Node on Testnet\u2b50\ufe0f    \ud83d\udce2@harmonyprotocol $ONE Validators    \ud83c\udf93Learn How to Setup a Validator Node on Testnet.    \u2705Test new features   \u2705Hone your skills    \ud83d\udd16https:\/\/t.co\/vimbC6yVH3    \ud83d\udc99#VDaoDotOne\ud83d\udc99"}],"tweet ids":[{"tweet id":"a5c81199e4beaf57272d0fa79017f842"}]}
{"twitter user id":"4103aae63f4ce44e3661ee1ac274ba81","texts":[{"text":"$NEO price had a surprise breakout after China\u2019s Blockchain-based Service Network selected the project to host \u201cDecentralized Digital Certificates\u201d and new NFT marketplaces. https:\/\/t.co\/upT67Z9RkT"}],"tweet ids":[{"tweet id":"dd5c1bcd7c493db50e5c6c3a236d5acf"}]}
{"twitter user id":"41096d0073d0ad5ad5788cb912119ee6","texts":[{"text":"$UNI ready for launch \ud83d\ude80 https:\/\/t.co\/b4W7rtOUeJ"}],"tweet ids":[{"tweet id":"c9df74b43d3d98fd06c2fe9966a4b6fb"}]}
{"twitter user id":"41191fb5616c94776f852d462a97b74c","texts":[{"text":"$OXT REAL PROJECT! Not like your meme coins. \ud83d\udd10\ud83d\ude80 https:\/\/t.co\/iuOeMAprOi"}],"tweet ids":[{"tweet id":"7e12cec68586899ab68458841eec40be"}]}
{"twitter user id":"4190a82a32a96ef9ca599c974197cc37","texts":[{"text":"@faraland_io Great news team @faraland_io .  No more unlocks, no more sell pressure. Let $FARA go on discovery mode!"}],"tweet ids":[{"tweet id":"230788fec9025562f0366ab16514dfa3"}]}
{"twitter user id":"43e3a4439cc237bd5a02bad96c289971","texts":[{"text":"@solanahunt I believe this is a faithful project.    @Anggadwysangpr1   @darma_suu   @PrakasaAlfa   @rahmad18404070  @deniadi420     sol addres : 99y8ScZpSAN8jKRFuZbk8z2Vg8rNzKRn7FMEV19utP2r    #airdrop #SolanaAirdrop $SOL #SolanaNFT #SolanaAirdrops #Sola"}],"tweet ids":[{"tweet id":"2f7c37e267d84de5e2b7e1108efc7a9a"}]}
{"twitter user id":"45e43f41f35a2081e0d82ef96688364a","texts":[{"text":"New Listing Update: Cronos (CRO) wallet is open and trading has begun on https:\/\/t.co\/0PDjOTWp8h    Markets: BTC-CRO, ETH-CRO, USD-CRO, USDT-CRO    For more information about $CRO, visit https:\/\/t.co\/ar5aeMyTVU @cronos_chain https:\/\/t.co\/UkwbbAJVeR"}],"tweet ids":[{"tweet id":"3bfa258ac0da982fdd57b7d0cfd9b131"}]}
{"twitter user id":"483219aabca341ae5a88bddf07b11a76","texts":[{"text":"New listing on #ZT:https:\/\/t.co\/9yTiF6f3MR  Coin: $SYN  Pairs:  #SYN\/#USDT  #newcoinlisting #newlisting #crypto #cryptonews"}],"tweet ids":[{"tweet id":"ff5d32fcbad1a78028e1f13cbd9532df"}]}
{"twitter user id":"4c31efbd4c3476b314235eb5dd25d206","texts":[{"text":"Drop your $ETH address. Randomly drop #NFTProject \u2728               \u2705 Just Retweet + Follow https:\/\/t.co\/djKswkMhLX"}],"tweet ids":[{"tweet id":"21f19a4305249331304df5fda3cdb9a4"}]}
{"twitter user id":"4d3d7eda68c1d99a22e75342f371aa2d","texts":[{"text":"$MINA We're operating at an 92% success history with an average profit of 22% in a day. Get today join winning alerts.  https:\/\/t.co\/b5o55ohAxn"}],"tweet ids":[{"tweet id":"8a5977f90df59ae7d9dbda7e3e9a825b"}]}
{"twitter user id":"4e7a28b3b680f35a8fbb12817cdc7e48","texts":[{"text":"\ud83d\udce2 #ONUS New Listing: $KEEP     @keep_project is an incentivized network for storing and encrypting private data on the public #blockchain.     #ONUS users can now store and swap from #VNDC or #USDT for #KEEP and vice versa \ud83e\ude99    \ud83d\udccc Detail: https:\/\/t.co\/NpaJ9vlSZV    #tBTC #DeFi #Crypto https:\/\/t.co\/FWVb7fUjI4"}],"tweet ids":[{"tweet id":"5ac26e0893fc68a854382a9d4817e173"}]}
{"twitter user id":"50c1eac4e0f62e5769ce65c1ebacaf15","texts":[{"text":"@Eliseofbustos12 @IbuyNFT @NotaNumeri @thejenus  #thejenus  I\u2019m giving $2000 $ETH #NFT to 100 people \ud83d\udcaf\ud83d\udcaf\ud83c\udf7e  Follow me @NFT__Airdrop3\ud83d\udc4c  Retweet \ud83d\udc4c  Like \ud83d\udc4d   comment #NFTgiveaway  Then send your ETH wallet address  Kindly send a direct message   https:\/\/"}],"tweet ids":[{"tweet id":"9e1bcaeadf1ca2a299296cac9eca705a"}]}
{"twitter user id":"516956f167f2cc0ca1c6f15dbb9e97ca","texts":[{"text":"$ENJ Best room on the net. Stay turned . https:\/\/t.co\/smPwTlBMSF"}],"tweet ids":[{"tweet id":"4541543092ce291f76bef97d93537630"}]}
{"twitter user id":"5202d2982a3f91a511f6cf319a566f1b","texts":[{"text":"\ud83d\udd3a $JOE \u2014 the native token of @traderjoe_xyz gets listed on #OKX!   #1\ufe0f\u20e3 DEX on #Avalanche    \u25b6 Deposit is NOW open \ud83d\udfe2  \ud83d\udcc8 JOE\/USDT Spot trading: 10:00 am Feb 9 (UTC)    #NewListing \u2935\ufe0f"}],"tweet ids":[{"tweet id":"84a43506de3285b9e4a11f640e85b5ad"}]}
{"twitter user id":"538041ad54a1f57b8052e4c267821bbd","texts":[{"text":"There\u2019s still loads of pools over 1000% APY \ud83d\udc09    @QuickswapDEX prides itself on having insane rewards and they do not disappoint \ud83d\udcaf\ud83d\udcb0    $QUICK #Polygon #MATIC https:\/\/t.co\/XJEqFIVbJP"}],"tweet ids":[{"tweet id":"4d460156e46fcdc4a4080b97afad7ca7"}]}
{"twitter user id":"53f3446cbc06faf1634d50f81a1c6d73","texts":[{"text":"We are excited to announce that @InfinityPad_io has partnered with @CeloLaunch     CELOLAUNCH - The First Rug-proof DeFi Launchpad on Celo Network assists projects in crowdsourcing funds through the use of advanced token pooling and distribution mechanisms $CELO #CeloLaunch https:\/\/t.co\/i5iqcMLpWP"}],"tweet ids":[{"tweet id":"4583e8e420f5ea995d80089b38ab1db7"}]}
{"twitter user id":"54afe2be93d602937cfdd65e91049b82","texts":[{"text":"$DODO Today's watchlist &amp; winning alerts,,. https:\/\/t.co\/PTarb5e1Kp"}],"tweet ids":[{"tweet id":"83a78b6f00c8c027df6e5c38ce01d890"}]}
{"twitter user id":"55463c67254015b20dd4a3ddb9d5069e","texts":[{"text":"Huobi Wallet \u2716\ufe0f @balancer Airdrop\ud83c\udf8a    \u23f01 day left    5 winners to share 15 $BAL!\ud83e\udd29    \u26a1\ufe0fDownload #HuobiWallet \ud83d\udc49https:\/\/t.co\/CK4JIfxi9K  1\u20e3Stake in any Polygon pool on @balancer through Huobi Wallet  2\u20e3RT with your staking screenshot+ tag 3  3\u20e3Fill in the form \ud83d\udc49https:\/\/t.co\/AURZjf6HNE https:\/\/t.co\/pe3CZvMKtV"}],"tweet ids":[{"tweet id":"fb6eea38dbbed131fe6f0435c4cfd706"}]}
{"twitter user id":"55b531bff48f9abfc4965f6a4508e87d","texts":[{"text":"$CVX puts printed. 343.78%\ud83d\udd25 https:\/\/t.co\/cVNuQCIJ3g https:\/\/t.co\/AXgIUMxlLY"}],"tweet ids":[{"tweet id":"822043e406a2004decfef226e1752a6a"}]}
{"twitter user id":"5640a9e403c1ef6c0fda955c8a5481e7","texts":[{"text":"@TheSandboxGame I just participated in the daily #SandboxAlphaS2Contest for a chance to earn up to 1,000 $SAND! Starting March 15 - Selfie with the mushroom dragon. Check out my screenshot below! \ud83d\udc47 #SandboxAlphaS2 https:\/\/t.co\/fOSVny2gMq"}],"tweet ids":[{"tweet id":"06aee825d2fdfed7445afa304493e5ea"}]}
{"twitter user id":"565a933ea218f837ee33700eb2970970","texts":[{"text":"$CRO (4H); price trend is back bullish.  Expecting the price to target $0.38 demand zone before the next impulse move, #CRO will look to target $0.49  #Bullish @cryptocom https:\/\/t.co\/letb6WxEj5"}],"tweet ids":[{"tweet id":"2c9a1af3e0b5fa048016b4474f3aa040"}]}
{"twitter user id":"57dbed8aedceb326b3a0892fb3483937","texts":[{"text":"$DODO  Real price will come out soon, Follow price targets.,,,.,     https:\/\/t.co\/kU3fSRXOhd"}],"tweet ids":[{"tweet id":"a217c97f8cb3088cc176c552cc460703"}]}
{"twitter user id":"57ecc71654dce0a33d652bf1ca9b92e5","texts":[{"text":"If you joined us at @LongHashVC, you will know, our latest @CeloOrg pool has launched!\ud83e\udd73  Save regularly &amp; get rewarded - interest @Moola_Market, extra $CELO thanks to #defiforthepeople + more sponsorship coming soon!  blog https:\/\/t.co\/UGvkDwufbY  dive in https:\/\/t.co\/jcRrQ9Dy2J https:\/\/t.co\/L7uY1lHouz"}],"tweet ids":[{"tweet id":"0da910cef133c1b96b51155584f80a1c"}]}
{"twitter user id":"59b330de01b4ab1aad592e02e85dab1b","texts":[{"text":"@kcchiefs37 @DeWegKwijt @AtlasCloud__ Im already millionaire from $ATLAS Cloud , im making 20x more than the average salary income \ud83e\udd11 stay broke bro"}],"tweet ids":[{"tweet id":"584c20e81794d6c098c4f5db7aa48f35"}]}
{"twitter user id":"59db06124277eb98feeec8b2ac50d294","texts":[{"text":"The $SAND setup that I shared in the free newsletter on Thursday has triggered on the break of $3.45 and retest as support.    Maybe a decent weekend for alts, but I would keep the risk managed and stops ready.    Newsletter:  https:\/\/t.co\/ae5vfLv7iX https:\/\/t.co\/sN965MAHGq"}],"tweet ids":[{"tweet id":"5f51e9eff047c3f4af55abff359dcd61"}]}
{"twitter user id":"5b60d0b749008da485dec2c5147bf08c","texts":[{"text":"$SOL is amazing https:\/\/t.co\/35xS1ijVWr"}],"tweet ids":[{"tweet id":"0d7763fe10e60ba86afe4309d6b54d23"}]}
{"twitter user id":"5bdb9e10f1557159c8c9682928024d4e","texts":[{"text":"Top \ud83d\udd1f GAINING cryptocurrency this hour 1. $MANA or #MANA Show More https:\/\/t.co\/Wd1UnIOBEG https:\/\/t.co\/Xy79RKuYrw"}],"tweet ids":[{"tweet id":"c52a2d9b24ef854db075508fc42f1acc"}]}
{"twitter user id":"5c8e4f868134dd7de401ba646acb3312","texts":[{"text":"@Maxi__1981 @Cointelegraph $NEO is so undervalued \ud83e\udd72 but for how long \u2026\ud83d\ude80"}],"tweet ids":[{"tweet id":"642c37887ee64dc64dd1e415d8913d85"}]}
{"twitter user id":"5ccc88b7e219c09029e631d4d5a7021f","texts":[{"text":"@Celo_Apes crazy this is a fast increase of 800%+ Ape #7281 sold for 25 $CELO  #NFT #CeloApes #NFTartist #NFTdrop #CELO #CeloNFT https:\/\/t.co\/arvaK5Nvd4"}],"tweet ids":[{"tweet id":"de27660a1e4604bb4ad0bebabfb4bf64"}]}
{"twitter user id":"5d2b5e92be1daa1b218be7d4304471bd","texts":[{"text":"$SNX Best room on the net..; Stay turned https:\/\/t.co\/spRzkYUty2"}],"tweet ids":[{"tweet id":"46e0e0f2ceb66d9572eb8538ea5bc545"}]}
{"twitter user id":"5e45339b45bb6dd56766e15c4cebbb19","texts":[{"text":"TOP 10 SOLANA TVL LAST 7D    Congratulations to @MarinadeFinance ,it has been top 3 by TVL on #Solana for a while, and today Marinade reached TOP 1\u20e3    #DeFi #TVL $RAY @ProjectSerum @QuarryProtocol @Saber_HQ @solendprotocol @TulipProtocol @orca_so @AtrixProtocol  @SunnyAggregator https:\/\/t.co\/Sln3gJYIft"}],"tweet ids":[{"tweet id":"8e55619dbecb12259ead17e916890f4b"}]}
{"twitter user id":"5f4b3df847f273da65ded02d17bf82ad","texts":[{"text":"$MATIC $2.00   #NFT #cryptocurrecy #MATIC"}],"tweet ids":[{"tweet id":"1feef861df5017ce59552d9ea8d9682e"}]}
{"twitter user id":"5f4db921581ecde785709d282f0aa7db","texts":[{"text":"@SOLsquidToken The project is great, invite everyone to join, let's become an investor together!!! Go to Moon.  @KKaoru74458081  @chibao061299  @Kiet45620  $SOL #SOL #SolanaAirdrop #SOLsquid #squid #SquidGame #memecoin #Solana #Airdrop"}],"tweet ids":[{"tweet id":"a0221bac4e9b5ac3e1806cd8b1971925"}]}
{"twitter user id":"5f8c5d063b2a95e2db803f2be6875a42","texts":[{"text":"The price #TRX in USD is $0.0548.  The price #TRX in BTC is 0.0000015059.    #tron #TRX $TRX #tronspark @tronfoundation     https:\/\/t.co\/0worykRWHO https:\/\/t.co\/aHU0NdxL6f"}],"tweet ids":[{"tweet id":"81001a3506c7923fec8f9a10908c75b1"}]}
{"twitter user id":"60257dbca3d18782bbf047d146a7b2b8","texts":[{"text":"Congrats @danielesesta $SPELL all the way up to the eyes of Grayscale's potential new investments.   https:\/\/t.co\/n0KAhWHArm"}],"tweet ids":[{"tweet id":"1e2b871d63022dc6e1df001a1c9f88a5"}]}
{"twitter user id":"6048967c106ba37cf1f64b68a16bc439","texts":[{"text":"#EMURGO believes in the value of a @Cardano #Blockchain Education \ud83c\udf93 Sign up for a Developer course now https:\/\/t.co\/f3IJsLuV5J  \u2728 Increasing Adoption of #Blockchain and $ADA #Cryptocurrency \u2728 Embrace of 'Green' technology solutions #Cardano \u2728 #NFT #CNFT and #DeFi growth https:\/\/t.co\/l1iEFA1SYo"}],"tweet ids":[{"tweet id":"275c9d639d9c6250ff7c61c5bb7c9740"}]}
{"twitter user id":"60b6cfc2290b08b87492b23fd9f29024","texts":[{"text":"$JOE Real profit come out soon hit the target price. Enjoy premium alerts $1 for 30 days... https:\/\/t.co\/ZSXk7Rr0Wy"}],"tweet ids":[{"tweet id":"d0049c5c1cd8a3abe9f4aa380e83bdd3"}]}
{"twitter user id":"60edad71b77a5faa7045ca845a76e0ae","texts":[{"text":"You can join the celebration and enter for a chance to win a #Decentraland LAND by submitting your best #wearable.   Top 10 submissions take home 100 $MANA and strut their stuff on the Community Precinct catwalk on final day of the #MVFW festival!  https:\/\/t.co\/VY9dFosRQW   3\/3 https:\/\/t.co\/6e5vjr8JZi"}],"tweet ids":[{"tweet id":"1fa1895e2dbd4222d9aee78752182573"}]}
{"twitter user id":"61f8059fe5bf77036dbb979cedc249f9","texts":[{"text":"- $SPELL to $1"}],"tweet ids":[{"tweet id":"471b4e18ed362930dd80c081293a6527"}]}
{"twitter user id":"61fbc14e66cd92cf5815221ac386b8b1","texts":[{"text":"We have partnered with @superplastic to create #metaverse gaming experiences for the Headtripz #NFTs.  You can also receive a 15% discount if you are purchasing NFTs using @REVV_Token and $SAND during the Headtripz drop!  https:\/\/t.co\/X6nHwdcrgx"}],"tweet ids":[{"tweet id":"caa652509d2ec1979237ea5f71cecac8"}]}
{"twitter user id":"64888c559bfcb65c278feefc75f969a2","texts":[{"text":"10.2 BTC worth of Currency was purchased   $TRX   On the Binance platform in the past minutes!   \u2747\ufe0f\ud83d\udd1d   Current currency rate 0.071\ud83d\udcb2   daily rise rate is 2%    #BTC #FALCONS #FALCONSWAPS #ETH #LTC https:\/\/t.co\/AH7rs7gWaV"}],"tweet ids":[{"tweet id":"f6e30da7f4cb93679f520aeb24a71501"}]}
{"twitter user id":"6549ed73edbc8fbb43c522333bf54243","texts":[{"text":"#Binance announced they\u2019re listing $LRC on #Binance.Us think it will pump?"}],"tweet ids":[{"tweet id":"b8eb3cef764622c9e1fd7378ade77d77"}]}
{"twitter user id":"656196c86dead31782d8c94b8bf7b1d7","texts":[{"text":"@anthonypacheco_ @near_kongz is the best alpha $NEAR NFT community"}],"tweet ids":[{"tweet id":"d572306b6cfd9d162390ac87a5a55ad3"}]}
{"twitter user id":"66687629fee51895f79bc97beeb79592","texts":[{"text":"@cryptoastekz @YouTube $NEAR Strong, buy all"}],"tweet ids":[{"tweet id":"d759d886b53c4f041343951c9f88d415"}]}
{"twitter user id":"67b1591d11884a080af4af764614e7de","texts":[{"text":"The price of #InternetComputer is currently $43.76  #Crypto $ICP #ICP  https:\/\/t.co\/XbywniOMCz"}],"tweet ids":[{"tweet id":"61d97304d1551ebbfe7d3d711e3e6f4d"}]}
{"twitter user id":"688166068f043fa07d5193f4d46b440b","texts":[{"text":"$CVX | Chevron Exec: Company Planning To Expand US Permian Basin Output Beyond 1M Bpd"}],"tweet ids":[{"tweet id":"8847f8158750d6ee59645412d062f704"}]}
{"twitter user id":"695944ce1e69250f77c79cfabc6752e3","texts":[{"text":"$ICP #NFT @dfinity @_pgauthier @opensea   https:\/\/t.co\/tXGRYNuetS  https:\/\/t.co\/jrV1B3S9vZ    RT | Like | Tag #ETH address  #NFTCommunity #Cryptovvendetta #Anonymous https:\/\/t.co\/U3ztLVhdWR"}],"tweet ids":[{"tweet id":"91a01a0c2d0478b2770e576cf26b536a"}]}
{"twitter user id":"6a1b811e58635793fdb7d5571931aea1","texts":[{"text":"$FIL Today's watchlist &amp; winning alerts.. https:\/\/t.co\/SqrM5NzB1t"}],"tweet ids":[{"tweet id":"327718e715903e01704fb31e214d033d"}]}
{"twitter user id":"6b69f397d4c110648db89a34efa47832","texts":[{"text":"@RyanWatkins_ How many obituaries have been written about btc? Keep writting. Bullish af $OHM"}],"tweet ids":[{"tweet id":"3ab722c564771d1c478df3a11fb0dfc6"}]}
{"twitter user id":"6b6afc3da69ebdbcf7f5bff1e60cb568","texts":[{"text":"$OHM down 90% since then, 77% in market cap terms https:\/\/t.co\/KuhtxUZNuZ"}],"tweet ids":[{"tweet id":"d64b1d03cae0f21210fd3d08e2f13992"}]}
{"twitter user id":"6d97be4b342003362c2dd53d149a2ef7","texts":[{"text":"The current price of one DOGE is now: $0.1538, 5% change in the last hour!    One MDOGE is worth $153,775.3165.    Total volume in last 24H: $598,349,790.    Current CoinMarketCap Rank: #11    $DOGE #DOGECOIN feeling generous? send doge to \u26a1 DKnz2MMs57SQSo7zo1qy9A2toNHdLCnPeN \u26a1"}],"tweet ids":[{"tweet id":"2c6cb54a81815acf036b412faff7314c"}]}
{"twitter user id":"6de1ef48189aa67f9ad2177e0762eb31","texts":[{"text":"$RAY Profitable chatroom, I've made $28k in a week. Lot of thanks to this chatroom....  https:\/\/t.co\/LOecFQLrsC"}],"tweet ids":[{"tweet id":"c3a82c996cdd072fe5b44ca19dbf31dc"}]}
{"twitter user id":"6fa5ea3c72ef23cf3c2e78affda85642","texts":[{"text":"@anastasia6539 @AtlasCloud__ Definitely a really good one, started out sustainable and doing their thing. Fully doxxed and trying to set up a legal entity. Pretty good if you ask me $ATLAS"}],"tweet ids":[{"tweet id":"b67cfd26168c5a2afebcc231c5457f02"}]}
{"twitter user id":"70cf53af9dfd8ad7bac088cee6e84370","texts":[{"text":"@intocryptoverse $RLY has real world use."}],"tweet ids":[{"tweet id":"2226ec11b25460bf81f8721dc82a39aa"}]}
{"twitter user id":"72c279cc407fe2557f3e0e0429ba5d82","texts":[{"text":"$ANC  #Anchor protocol  Absolutely killing it"}],"tweet ids":[{"tweet id":"74fd424e771ba1fee4de62ec6b4d3398"}]}
{"twitter user id":"7339f32a0fdd080f86f23669b3f8bae2","texts":[{"text":"\ud83d\udfe0 .spiralingoutofcontrol\/    Sold for 500 $HNS (98 USD)     #Spiralingoutofcontrol #Handshake #HNS"}],"tweet ids":[{"tweet id":"daa508e62932ff35194886df5bfa0690"}]}
{"twitter user id":"73538fe6bb25c920a6c071ca9c3885a9","texts":[{"text":"@helium reaching escape velocity while SigFox declares bankruptcy  Long decentralized operating models $HNT https:\/\/t.co\/7LRpHT7jr5"}],"tweet ids":[{"tweet id":"3bb87e0608444119cf4665c98dd0ea31"}]}
{"twitter user id":"73d0fae935f3a18e4a6b46ca3a31c1a4","texts":[{"text":"$Aave V3 was deployed on 7 testnets - try it out today on #Ethereum Rinkeby, #Fantom Testnet, #Harmony Testnet, #Arbitrum Rinkeby, #Polygon Mumbai, #Optimism Kovan, and #Avalanche Fuji. #defi #cryptocurrency"}],"tweet ids":[{"tweet id":"b31096ffb9dd0b12ec46af70060994af"}]}
{"twitter user id":"74e4d33c695a964288a81e79c68a8cee","texts":[{"text":"$FTT \/ BTC at a crossroad...  September 2020 all over again or does Sam lead the way and we break out upwards here?   Leaning towards the former as it feels a bit too early \ud83e\udd37\ud83c\udffb\u200d\u2642\ufe0f https:\/\/t.co\/YpWaX1g7U4"}],"tweet ids":[{"tweet id":"719353b97e2dae12519ddb2eef9b778c"}]}
{"twitter user id":"78e2e653905833ea7625e417cc8e29d8","texts":[{"text":"$ATLAS  Long term investment for me, have ridden this all of the way down. Not worried at all.  Consolidating in a small bull flag against descending resistance, usually leads to expansion through on volume. Watching this closely, may add to position if it happens. https:\/\/t.co\/HGfEZUNe8L"}],"tweet ids":[{"tweet id":"5de6b3d9b21659784c3e262536f40593"}]}
{"twitter user id":"790eaa5517d61834ba92fc882e0e470e","texts":[{"text":"Feels good, up like 30%  That said I'm pretty sure I'll round trip it, I always give back parts of my $XTZ gains.  Not gonna sell though, moon it. https:\/\/t.co\/ynTbnk8JaG https:\/\/t.co\/gpz71uSOmJ"}],"tweet ids":[{"tweet id":"4eb74ab518a9244f1b5a5ec7aeeec837"}]}
{"twitter user id":"7a935d0776837c041b3d6cf8e8f23a35","texts":[{"text":"SOMETIMES THE PERFECT MEME STILL ISN'T ENOUGH    I wrote about $OHM and (3,3) and what happens to all speculative assets, when the urge to defect from the pact starts to grow.    Subscribe to the newsletter here: https:\/\/t.co\/Pl5nZqsNJq https:\/\/t.co\/qEiyD8Cbri"}],"tweet ids":[{"tweet id":"87de5a39490d1d65ccc339e4547498bd"}]}
{"twitter user id":"7c82c67b7df454ef10ad5b17bca2f470","texts":[{"text":"$LOOKS: $2.83 Market Cap: $677,778,947 (Rank #126)  222.33% APR"}],"tweet ids":[{"tweet id":"2bb13454e6d150b087689c718a602bf6"}]}
{"twitter user id":"7d21b93ad92eae013073468c2d96f866","texts":[{"text":"@coinexcom @SynapseProtocol \ud83d\ude80 Trade $SYN on #CoinEx!    Sign up for a CoinEx account here:  \u27a1\ufe0f https:\/\/t.co\/Q5SHZIxBsn    @cctip_com airdrop 1000000 RICH 100"}],"tweet ids":[{"tweet id":"716f708b79e3b01eea977a609f3aa81b"}]}
{"twitter user id":"7fa32fda4d67e8a20bab979db326ccfe","texts":[{"text":"\ud83d\udd25\ud83c\udf15AUCTION ENDS SOON! \ud83c\udf15\ud83d\udd25  \u27a1\ufe0f20 Moon Trainer x Moon Creature Moon Duo #NFTs available! \ud83d\ude0e  \u27a1\ufe0fAuction in $NEO ENDS in 1 HOUR! \u23f3  \u27a1\ufe0fHERE: https:\/\/t.co\/iJ05XV83zb  \u27a1\ufe0fI wanna GRAB one more MOON DUO! \u2604\ufe0f\u2764\ufe0f  #NFTCollectibles #NEO #NFTLaunch #NFTdrop #Metaverse #NFT #NFTCommunity https:\/\/t.co\/MctfsJJ378"}],"tweet ids":[{"tweet id":"dc652c3644549b5e615db24a36397f9f"}]}
{"twitter user id":"817e3bbe50f40ce5f7d6705ef9200304","texts":[{"text":"$BAL Real price come out soon.. Hit the target price. https:\/\/t.co\/tg9H0D1uwh"}],"tweet ids":[{"tweet id":"173f3334b9e5e44264bc759eee415317"}]}
{"twitter user id":"81e0acbc174cf230b245f7ab0e035172","texts":[{"text":"Quickswap (QUICK) rose 54.3% 1d, from 183USDT to 282USDT. $QUICK #Bitcoin https:\/\/t.co\/uVno5ax7GH"}],"tweet ids":[{"tweet id":"5e9e16647d62c74a7cbcdd5bc5478e65"}]}
{"twitter user id":"83bed0494139df991bdb664fffe573e7","texts":[{"text":"@Dr_Kojipup @AtlasCloud__ Hell yes, precious $ATLAS tokens..... @adlam_craig  @realLisaDaly"}],"tweet ids":[{"tweet id":"02d17db9aab08103e120ea15e1e80b56"}]}
{"twitter user id":"863b1c4d2f23bef7ff3b61b6aceb4396","texts":[{"text":"#Faraland #FARA #VietnamBlockchainExpoverse #BSC #NFT #GameFi #Metaverse #BinanceBlockchainWeek #BNBchain I don't know if you hold any $FARA but you should deff get it! #faraland always good to have in your Portfolio https:\/\/t.co\/3WF5PGIRfe https:\/\/t.co\/hHgPA3kDO2"}],"tweet ids":[{"tweet id":"0c256ef21857137f1f63819c7b636109"}]}
{"twitter user id":"879c42255d8cf2f83154dfd8bc00b2bc","texts":[{"text":"$DODO #DODO price 0.79$  Taget: 20\/1 price 1.2$  25\/1 price 2,6$   30\/1 price 5$  #Pump \ud83d\ude80\ud83d\ude80\ud83d\ude80"}],"tweet ids":[{"tweet id":"e756e966e1c406e268205ed208cf2d43"}]}
{"twitter user id":"8a7423a4553fb4ba1d3de64c275a9f7c","texts":[{"text":"$TRU  new alert at https:\/\/t.co\/A7qrDarJHY  #stocks #daytrading  #NYSE #NASDAQ #market 221"}],"tweet ids":[{"tweet id":"e04c2676171d05debded94c4d5196744"}]}
{"twitter user id":"8afab00668aa2f8dfc56bcbfe43bdb2c","texts":[{"text":"How long will it take for something like $HNS to build Twitter but not Twitter? https:\/\/t.co\/u47Uud6i88"}],"tweet ids":[{"tweet id":"a71475dca0117b1e3852a0ec56a11758"}]}
{"twitter user id":"8d292b1d64a9251b0a568db338058647","texts":[{"text":"$LRC Crowd-sourced alerts, ranking system, and get paid being a top contributor... https:\/\/t.co\/pWBZPd5ALC"}],"tweet ids":[{"tweet id":"f43a361fa6892324d5043eb873601e94"}]}
{"twitter user id":"8eed2e21d4d336cf430269d0d3a62837","texts":[{"text":"$RLY Best chatroom,, I've made $15K with them, by their alerts.... Join us now ;; https:\/\/t.co\/a439oUbhZm"}],"tweet ids":[{"tweet id":"207540b4ca04cc59bc7fe46628035e02"}]}
{"twitter user id":"8f38185a5f532af296549bf57b1d618a","texts":[{"text":"$PERP Real profit come out soon hit the target price. Enjoy premium alerts $1 for 30 days https:\/\/t.co\/ytEOV39NGa"}],"tweet ids":[{"tweet id":"3c28e5c84091afae5e27f706b33385cb"}]}
{"twitter user id":"90b0ad3beb8fab8ffa8db08aa5002f61","texts":[{"text":"mint details! \ud83c\udf08    Date: January 5th.  Time: 4:00 PM UTC.  Supply: 1,000.  Price: 0.2 $SOL.    the mint link will only officially be posted here, on our twitter account. https:\/\/t.co\/NS5PbWkk8I"}],"tweet ids":[{"tweet id":"76e43410f143aff673bd9cab4fd6edd7"}]}
{"twitter user id":"918d705a47bc87f17a697a75456751c2","texts":[{"text":"@MatijaR0 @The_CryptoDad @YouTube Hi, $BNB is supported by Trezor! You can receive the ERC20 token version of BNB into your Trezor Model One ETH account\ud83d\udd12  https:\/\/t.co\/IQHTQPnXDs"}],"tweet ids":[{"tweet id":"d45e3de612ef61a77e45ab0dccb60001"}]}
{"twitter user id":"91c194b864ea492c20a844774d3c474b","texts":[{"text":"$SYN in -6.82% Downtrend, declining for three consecutive days on January 24, 2022. View odds for this and other indicators: https:\/\/t.co\/z5aGaGQPlY #SyntheticBiologics #stockmarket #stock https:\/\/t.co\/zONx6nDsVr"}],"tweet ids":[{"tweet id":"483811330896c46edd742054a4b60614"}]}
{"twitter user id":"937bc0a355ea8caf951bb03428dcd8b2","texts":[{"text":"@ZeroHedge_ $OXT has been asleep since launch. Great technology\/project\/team. I still think it has a big run in it."}],"tweet ids":[{"tweet id":"393141422b22c50e0983d7b9c965cc4b"}]}
{"twitter user id":"94a4a02726de198a56c39e0ea8587be3","texts":[{"text":"$FTM Short closed from 2.09's to here. https:\/\/t.co\/MXxIdSWfYV https:\/\/t.co\/v0zFIqLphE"}],"tweet ids":[{"tweet id":"b2eec0dcdc915f6a302152910a0d0214"}]}
{"twitter user id":"953415ee4277343910f0272904fbd96d","texts":[{"text":"$DOT Find active market alerts here in this best winning trading community. Join now:  https:\/\/t.co\/S1Nz02eQZY"}],"tweet ids":[{"tweet id":"42a9b6df5ffb48da668da785bdefcd80"}]}
{"twitter user id":"966b5092f07a5b031f875a69bc6d2db3","texts":[{"text":"KEEP\/USDT [#Binance]  Big Whales Buy Activity \u2733  618.79K $KEEP have been bought  \ud83d\udcb0Price: 0.708 USDT (4.11%)  \ud83d\udea8Order Size: 431,102 USDT (5.02%)  \u23f3Duration: 15 minutes  \ud83d\udcca24h Vol: 8.58M USDT    Get all Alerts here: https:\/\/t.co\/o4CEgy7jGS"}],"tweet ids":[{"tweet id":"148df08bbc15f056fdb07c04517737a8"}]}
{"twitter user id":"96ad25e467de6865d612446d60eb7d0c","texts":[{"text":"$THETA Update | Daily    Look for the re-test here if we get it. https:\/\/t.co\/IbTCnaoOoD"}],"tweet ids":[{"tweet id":"3129feccbb73c376a3d6b602c8ea7d31"}]}
{"twitter user id":"97624d2c297066841426b2595c2bbac7","texts":[{"text":"24-HOUR $HNT SUMMARY:  $21.63 (-0.7%) $21.16 - $22.30 (Range)  9,068,155 (Volume) 100,539,362 (Circulating Supply) #53 (Market Cap)"}],"tweet ids":[{"tweet id":"f717bb35b22b44c84f300d2e9d51cd6e"}]}
{"twitter user id":"987984ceb7c9d01a6c9d14e28f4a38f4","texts":[{"text":"\ud83d\udd25 Faraland PvP update version is ready! \ud83c\udf89    @faraland_io  #metaverse #Faraland #PvP $FARA https:\/\/t.co\/AF9IUTLloo"}],"tweet ids":[{"tweet id":"81a0cb7c1473f422f41a167f0e079d05"}]}
{"twitter user id":"99dcfc0da721b33361198a99b2df1aea","texts":[{"text":"$RLY ~,,If you really want to make huge profits on trading then check out this chat. https:\/\/t.co\/sBbZrHDFlI"}],"tweet ids":[{"tweet id":"9c975dff616f78749f364bfbae6bdae4"}]}
{"twitter user id":"9ac3f5dfc0b77b56ea1629f3e7476ac1","texts":[{"text":"$CELO - now up nicely, +6.22% @ $7.058.  Sold 2k for a 332.41% profit.  See: https:\/\/t.co\/mErgBPwRQv #cryptotwitter  #cryptotrading #CryptoTownEU"}],"tweet ids":[{"tweet id":"ebef4c537ce9c397c270b599f66ab536"}]}
{"twitter user id":"9aebb6ddd603d35d98a63e5f8d47d43e","texts":[{"text":"Must be some serious insider buying on $CREAM"}],"tweet ids":[{"tweet id":"5b7b76367f11e689232bad3cd44ecc00"}]}
{"twitter user id":"9b718cf188087594de3e6c812748cc66","texts":[{"text":"#Illuvium $ILV   #NFTs \ud83d\udd25   #NFTCommunity #NFTGiveaway #CoinCollection     Check out this item on OpenSea https:\/\/t.co\/zVJMUgdm1f via @opensea"}],"tweet ids":[{"tweet id":"64b06db53c62d1434ffc4425027cb7d9"}]}
{"twitter user id":"9bc2daacc63c08dd218496fd0ab776f7","texts":[{"text":"\ud83e\udd11The token reward given by @RaydiumProtocol is currently very high.     \ud83d\udcb8\ud83d\udcb0Now the apy is overall juicy, the apy of $RAY is so tempting, up to 68.72%.    \ud83d\udc97Flipped? Quickly moves!\ud83d\udc63 https:\/\/t.co\/JUMbobwqMV"}],"tweet ids":[{"tweet id":"de045fbe029492d06890363603c82f9b"}]}
{"twitter user id":"9de8b391a674c46b41456afc77bf0989","texts":[{"text":"75,384 $ worth of $RAY market bought on Binance at 3.9550 $.  \ud83e\uddd9\ud83d\udcc8"}],"tweet ids":[{"tweet id":"9353068c051a44699914ff4b03f608ac"}]}
{"twitter user id":"9e6040a316dd3fa0e57e655b4536f44c","texts":[{"text":"Binance Chain and #BSC has been renamed to BNB Chain on Feb 15th. The name change was announced by @binance as the evolution of #BSC. $BNB Chain will embrace large-scale applications, including #GameFi, #SocialFi and the #Metaverse. #CryptoIA    Read More: https:\/\/t.co\/swim7xHrWy"}],"tweet ids":[{"tweet id":"69f2764257f59663f2baee314ad1dcf4"}]}
{"twitter user id":"9ebd3802feb7ea90e844eafa2aa59d16","texts":[{"text":"1\/2 Trading update \ud83d\udce3\u00a0$RLY is now available for custody and trading on our API\/FIX and ActiveTrader applications for the USD trading pair, and on our Gemini Mobile App and website for USD, GBP, EUR, CAD, AUD, HKD, and SGD pairs. https:\/\/t.co\/HoeDOmmwTt"}],"tweet ids":[{"tweet id":"90598a18e2a97b5bca2fbea396d3511d"}]}
{"twitter user id":"a067601bd9320d32c958e4faf1d84000","texts":[{"text":"$ATOM (USDT) relative strength https:\/\/t.co\/hlMhTv130b"}],"tweet ids":[{"tweet id":"634b8ee15e43a814ee8d997689a7b475"}]}
{"twitter user id":"a0921cc70f2dba9027d7c33a9a29d986","texts":[{"text":"$RLY Hey, check out this server of real traders helping each other profit. https:\/\/t.co\/hKgGpm0AW6"}],"tweet ids":[{"tweet id":"22798344606f5ade501ec62a2c8ed393"}]}
{"twitter user id":"a2fff0bf4673a4c0b38b0aba282c2dca","texts":[{"text":"Sats: 0.000001517 BTC    24h change: -0.86%    USD: $0.06405  MarketCap: $6,519,662,277  Volume: $926,367,781  Circulating Supply: 101.78B TRX    $TRX #TRX #TRON @Tronfoundation"}],"tweet ids":[{"tweet id":"76cf33ae0b3ec1c5d0a57d812c525df6"}]}
{"twitter user id":"a3073f2450127390742a57fbde9ded98","texts":[{"text":"$MINA dump to 0.4 \u2620\ufe0f\ud83d\ude1c"}],"tweet ids":[{"tweet id":"6035f4767a12c41f66b1470ee64e5370"}]}
{"twitter user id":"a3aa68f16395ef806cf05512e52f7c32","texts":[{"text":"$DOT UPDATE   I've been shorting DOT since November. All my targets hit. This is now a Buying level for me https:\/\/t.co\/qZbaq3sChL https:\/\/t.co\/umb7Tgy4DE"}],"tweet ids":[{"tweet id":"0243f276a5ebba69b756c8f41b4bfefa"}]}
{"twitter user id":"a56399f67d1abfef30eeca2721a253cf","texts":[{"text":"Deposit ENJ  Exchange: OkeX  Token amount: 45,651.12 ENJ  Value: $79,889.46   Link: https:\/\/t.co\/CUyslQwaaW $ENJ #OkeX"}],"tweet ids":[{"tweet id":"b2d8ef357bb4274d30c49417b3066f29"}]}
{"twitter user id":"a57133aa981f161a05f209c5d6389aa7","texts":[{"text":"Back in $FTM short, shitcoin looks like it's losing 2 dollars and #btc has a massive FVG https:\/\/t.co\/He2225wzIy"}],"tweet ids":[{"tweet id":"23c0da79e8dd12a6da2a0bc6a8c7e26b"}]}
{"twitter user id":"a5788c0b088b4c521301919eef464480","texts":[{"text":"$ROSE https:\/\/t.co\/KJwYps0uIF"}],"tweet ids":[{"tweet id":"4e326aa6e3b6d90aec0b67476da8bcb3"}]}
{"twitter user id":"a5bbf322b7587b3d47ba86d69a38bb21","texts":[{"text":" @TheSandboxGame  I just participated in the daily D878 for a chance to earn up to 1,000 $SAND! Day 1 - Selfie with the S2 Alpha Pass. Check out my screenshot below! \ud83d\udc47 #SandboxAlphaS2 https:\/\/t.co\/L6ml7O5Ygq"}],"tweet ids":[{"tweet id":"f6694f402c1540d1d60b710e0fa7b581"}]}
{"twitter user id":"a5bc4d96c383270d580472be7deb2dab","texts":[{"text":"Very powerful &amp; strong project. Hope it will be one of the best successful project. We will hear more good news about the project. @MukeshK27567952  @irfanuic786  @ercelaan   $SOL #SolanaAirdrop https:\/\/t.co\/pBmqrRO3QR"}],"tweet ids":[{"tweet id":"27ceea1d04639a841a4d61348fe12bf9"}]}
{"twitter user id":"a73573cf0da22449c441249683c1fc98","texts":[{"text":"$DOGE is up over 12% in the past 24 hours"}],"tweet ids":[{"tweet id":"01562e63a3b895415b02ec47c57e3928"}]}
{"twitter user id":"a8f9f50bd04a2d999fdd1ca6d3e527c4","texts":[{"text":"Buying dips with my favorite all-in one app has been smooth like oil. $CRO #crofam"}],"tweet ids":[{"tweet id":"e22aaaf4897d3d42fc3611387012bc40"}]}
{"twitter user id":"aabbca5bd8c7b36a921b2bfe0bccf9cf","texts":[{"text":"#Chia $XCH with a giant leap introducing the building blocks for fully de-centralized P2P exchanges.    Imagine the future. Integrating browser-wallets, no centralized logins, no middleman-fees. Endless possibilities.     Dont sleep on this one friends.    #crypto #DeFi #future https:\/\/t.co\/1D6AM92iQa https:\/\/t.co\/UaVSGbR1D6"}],"tweet ids":[{"tweet id":"4da4f9973386cf12888d6e1e7e04134a"}]}
{"twitter user id":"ad1b764ed8f69822ec327598042c6156","texts":[{"text":"We have detected: #AnchorProtocol $ANC was listed as ANC\/$ on #Okcoin"}],"tweet ids":[{"tweet id":"cd16566a00205a42e2daf4efc42790df"}]}
{"twitter user id":"ad4556808eb46de3204aa9ee984ac0d9","texts":[{"text":"Started buying $CRV here.    $3 buys age like fine wine https:\/\/t.co\/PLPK0ZjEfa https:\/\/t.co\/4WLznbEBI2"}],"tweet ids":[{"tweet id":"df677b6a3f4c0457ad1406f1b9a42aa4"}]}
{"twitter user id":"adb6f5009edb0b787ccac0df4b5d5859","texts":[{"text":"$UNI  *Starting with $9k, down to $3k, back up to $15k in a week, Lot of thanks to this chatroom.  https:\/\/t.co\/jufS9ET7KI"}],"tweet ids":[{"tweet id":"cb27a3c4b8a6ee047f66852d0f581d99"}]}
{"twitter user id":"aeb20a716d747bef085cfeae1de4cbbc","texts":[{"text":"$sILV2 Claim Page is finally live!    \"All sILV token holders receive sILV2 equal to their volume of sILV held at the time of the Recovery snapshot (block 13940833).\"    \"All users receive an extra 0.1 sILV2 to compensate for gas fees.\"    $ILV #illuvium https:\/\/t.co\/FhLW58UHLj"}],"tweet ids":[{"tweet id":"b5b00d154da938e823005d41045ba8b0"}]}
{"twitter user id":"aeb369ff4aee1fdef0fcfa8e54d59a96","texts":[{"text":"In Helium's case, crypto was the incentive that worked. Allowing people to mine $HNT by providing wireless coverage solved the cold-start problem, because jumping in early meant getting the most tokens, even if the network wasn't fully functional yet."}],"tweet ids":[{"tweet id":"edcf33928825fa8b17bfba1e8ac9be29"}]}
{"twitter user id":"aec06c658402b576515c5f66ca89d137","texts":[{"text":"$YFI Real price come out soon;. Hit the target price https:\/\/t.co\/mueuT8yrs1"}],"tweet ids":[{"tweet id":"1b27ed53c0ddfd2f773fced7d46c4341"}]}
{"twitter user id":"b06cce46734f1aff35e320008757663d","texts":[{"text":"$PERP Crowd-sourced alerts, ranking system, and get paid being a top contributor., https:\/\/t.co\/s6KwcnAFwS"}],"tweet ids":[{"tweet id":"44910d210d3ab93bdf6e97ce1a0ad082"}]}
{"twitter user id":"b29dbc44933e710efef6f3d93c679554","texts":[{"text":"'Light as our shield'  10 editions, 0.5 $XTZ    Get yours (imagine puppy eyes) \u0e51\u21e2https:\/\/t.co\/kufND6vtia    To anyone who needs a bit of light in their life, this objkt was created from the heart to give it. \ud83d\udcab   -  #hicetnunc #objkt #tezoscommunity #hicetnunc  @alteredgenie https:\/\/t.co\/VxkdLeA0i4"}],"tweet ids":[{"tweet id":"9ef0a24845c8bbf4781e3a33d74b05e1"}]}
{"twitter user id":"b2aeb0d93a2d3135acddf143b2d04c5d","texts":[{"text":"$AXS Real price will come out soon; Follow price targets.             \u2705\u2705 https:\/\/t.co\/wFWSLhqyhB"}],"tweet ids":[{"tweet id":"c69f55be80da74ba308fa1d6d4f0fc92"}]}
{"twitter user id":"b34e841f3518d15883865b28fb53177b","texts":[{"text":"AutoSharkFinance Atlantis - $ATLAS ( @AutoSharkFin ) update! #BSC  https:\/\/t.co\/hus96svISI    Price: $12.046  MC: $5,602,514  TVL: $4,308,925  Treasury: $5,694,667  Backing: $12.24    https:\/\/t.co\/hhAfcKDSiJ    #PassiveIncome #Crypto #DAO https:\/\/t.co\/ZFo0ArRTmB"}],"tweet ids":[{"tweet id":"63cac03bf1ed12e73a5ef932d2f69f74"}]}
{"twitter user id":"b4b10198b0707daeabc3708fef331286","texts":[{"text":"Decentralized + PoW + BASE-LAYER internet naming service = Censorhip-proof internet.    $HNS = WEB3  #HNSisWEB3 https:\/\/t.co\/JrExhhSO1p"}],"tweet ids":[{"tweet id":"e5cd2f9bc49664a9bea168ee24b36ac6"}]}
{"twitter user id":"b54d6c4382fafaaa55b9e5dcf16c158d","texts":[{"text":"GM to everyone and especially to the giant green candle in the $LOOKS chart \ud83d\udc40 https:\/\/t.co\/09qfyPhFaZ"}],"tweet ids":[{"tweet id":"2c9ba3c016dfbd05f988a885119e1780"}]}
{"twitter user id":"b80d54139ee23f930d52449ffbae358b","texts":[{"text":"$CELO is going for $10 again. https:\/\/t.co\/hRAOelfCgy"}],"tweet ids":[{"tweet id":"9ca084005622c4b67e5f8c3c789678a3"}]}
{"twitter user id":"b969817e69fcdae2e1ce394548160ab3","texts":[{"text":"$FXS already sent I will keep watching for a dip to buy. https:\/\/t.co\/Rf7vKBhGz6"}],"tweet ids":[{"tweet id":"a5c23c1b385b65dac37efbb45f782c58"}]}
{"twitter user id":"b9a9b4395ea679ecf401b23fec7ee33a","texts":[{"text":"Yes yes.    The price action of $FARA token is still trashy. Not gonna lie there.    I just love their new update.     The sound effects, battle animations and new maps made it more AWESOME.    Kudos to the team - @KelvFara @uyenltt1508 @AlfredMKL \ud83d\udc4f     #BSC #Gaming #GameFi #PlayToEarn"}],"tweet ids":[{"tweet id":"fd33dc3b1370919e351479d7cd9552a5"}]}
{"twitter user id":"bb26e9ce4fd6625ccc6b2dcca544bcb4","texts":[{"text":"\ud83e\udd73\ud83e\udd73 #CeloPunks are finally available! \ud83e\udd73\ud83e\udd73    The first and original #Punks to launch on the #Celo blockchain!    Mint yours now for 15 $CELO and earn 2% lifetime royalty on any sale of your minted #Celopunk!     #NFT #launch @CeloOrg #NFTshill #NFTGiveaway #NFTCommunity #nftsolana https:\/\/t.co\/tkIh7FjqSZ"}],"tweet ids":[{"tweet id":"eea6a1317410a9382b3ce433e440bfc1"}]}
{"twitter user id":"bb817e6af9861500af5f252c42750e89","texts":[{"text":"@Airdropalertcom Did you know that Owners of #NFTs from #CryptAnon collection, have access to massive giveaways, including one that involves 250 $ETH reward? \ud83e\udd14. Now you know! Own an #NFT now from this collection. Mint prices start from 0.02 ETH.  #ERC"}],"tweet ids":[{"tweet id":"6b9f335454056e0ced932994054824e5"}]}
{"twitter user id":"bbd17f64e44f8cb074b2f54802e6560f","texts":[{"text":"Theta Token 1-day AltRank\u2122 is up 396% to 248 with price down -4.539% to $4.07     https:\/\/t.co\/8FxrqkP3HP  $THETA #Theta Token #LunarCrush https:\/\/t.co\/hqorMOMvtb"}],"tweet ids":[{"tweet id":"c9351cb503227c71e0edb07b71629907"}]}
{"twitter user id":"bc506c3705ead6bf9ebbd04ea86269d3","texts":[{"text":"Dear users, $NEAR is now listed in our #Futures markets \u26a1    @NEARProtocol traders are welcome to trade with up to x50 leverage.     All info in our announcement :  https:\/\/t.co\/7NM21stvta https:\/\/t.co\/9GNWOXyPwq"}],"tweet ids":[{"tweet id":"dff970890aee85aafb6b4e92ea16b67f"}]}
{"twitter user id":"bcd584731bcd82a0f43712126d52e727","texts":[{"text":"From an objective, purely statistical standpoint, and based on data, $OHM has never been so oversold and with so much upside potential. https:\/\/t.co\/CYz5vgu3cu"}],"tweet ids":[{"tweet id":"7a06bc1fb4e53bb296bbc4cd9d4ed194"}]}
{"twitter user id":"bd0ddea8f587a0f862bc1a0185d93dfb","texts":[{"text":"imo, this could be the possible move of $MINA    -should hold 2.9 and never break again will be good  -it will test the ath at $6 so could be a huge pull back, but it must hold $4  -if $6 will break, #MINA will moon    #Bitcoin https:\/\/t.co\/AjBc6rtcLH"}],"tweet ids":[{"tweet id":"085a6724daa64b3b118f83046eb3bdf8"}]}
{"twitter user id":"becbb8cb607ee90458939444c9c2493c","texts":[{"text":"Free #NFT giveaway \ud83c\udf89  1. Drop your $ETH address, 2. RT &amp;  FOLLOW ME 3. ONLY for the FIRST 100 RT's \ud83d\udd01  #NFTGiveaway #NFTs\u00a0#NFTCommunity #SolanaNFTs #NFT #CNFT #NFTGiveaways #FreeNFTs #USDT #OpenSeaNFT #Binance https:\/\/t.co\/oI1OPewlRQ"}],"tweet ids":[{"tweet id":"05a71278848b2b93d06aa643f91f0cc3"}]}
{"twitter user id":"bf77ba1faa59901b90a98891e10f311c","texts":[{"text":"$FXS price is rising! \u2022 Price (USD): $ 23.30700000 \u2022 Sharing = Pushing!!    \u2022 Real-Time Cryptocurrency Trends \u2022    \u2022 #FXS Markets:  KuCoin #Binance"}],"tweet ids":[{"tweet id":"19b14bbd892a1642524fa99ad1d81341"}]}
{"twitter user id":"bfe3d32ff2926ed6e98ef80b698fd49c","texts":[{"text":"Chevron $CVX increased its quarterly dividend by 6% to $1.42\/share  This is the 35th consecutive year with an increase in annual dividends for this dividend aristocrat"}],"tweet ids":[{"tweet id":"721be99d81aed8c3e4a845fd174bc5a8"}]}
{"twitter user id":"c09d51292680d958308a3c7e75355d82","texts":[{"text":"\u201cLift off, we have a lift off!\u201d    $ROSE @OasisProtocol @OasisLabs @Meta https:\/\/t.co\/JLN6jV8Vfl"}],"tweet ids":[{"tweet id":"b1e6ad15a39e1f329917d57d1062e592"}]}
{"twitter user id":"c0a294f5b1306b408d26ed56092f74c6","texts":[{"text":"$MIR ABOUT TO GET FUCKED UP https:\/\/t.co\/c0ZJVtEHoW"}],"tweet ids":[{"tweet id":"ee056efcb4911d582d09f00df046c822"}]}
{"twitter user id":"c10244737dcd3b03b02db1c86d6af043","texts":[{"text":"@EngelbertChads1 Keep buying $KEEP take advantage this 0 fees promo of  #kucoin"}],"tweet ids":[{"tweet id":"ef05793b2e4f77b285e8863445368d42"}]}
{"twitter user id":"c1cdb71d0ede6ab8dc6bf13328957fef","texts":[{"text":"Current Price of Cardano:  $1.55 (1.37%)    $ADA #Cardano #Cryptocurrency #Crypto  More Information About Cardano: https:\/\/t.co\/wmhE7fMOIc"}],"tweet ids":[{"tweet id":"a5cfed6f0b8baccfce0bbba19f575380"}]}
{"twitter user id":"c28c8e913621fa3ef632940c7d2cccd9","texts":[{"text":"#FEG and the entire #FEGarmy invite @BalancerLabs to migrate to SmartDeFi to obtain the benefits of asset backing, zero interest lending, and rug proof &amp; honeypot proof tokenomics! Every #Crypto will have the ability to migrate to #SmartDeFi where no exchange is required!  $BAL https:\/\/t.co\/jOcS692WTH"}],"tweet ids":[{"tweet id":"a18e75c30c99f8bb7525235918ad6741"}]}
{"twitter user id":"c5328605fef23f4a6c311a623747104a","texts":[{"text":".@BinanceFutures will launch USDT-margined $IMX perpetual contracts with up to 25x leverage at 2022-02-11 03:30 UTC.    https:\/\/t.co\/ZgFYySEiv5 https:\/\/t.co\/nZQp9rMI8W"}],"tweet ids":[{"tweet id":"229bf4ab9d55dddc30fa5e6e3bdd99aa"}]}
{"twitter user id":"c6eb3e1d51d7c68d70a4f7e8dcfd0104","texts":[{"text":"Bought some $CELO     Chain that hasn't pumped yet, flipped key S\/R level here with retest of 1D 50 RSI level https:\/\/t.co\/31NGn6P2NJ"}],"tweet ids":[{"tweet id":"706b78f449bc6c7a9809e8e4ec8fe39c"}]}
{"twitter user id":"cb19fc64ea8d966205a57f112c641eca","texts":[{"text":"$TRX Perpetual #Futures - Buy Back Order \ud83d\ude80\ud83d\ude80 Took #Profits at: 0.069 Exchange: #Binance  Net Profits: On #Investment: +2.10% On #Portfolio: +0.11%  #Trading ID: 1250"}],"tweet ids":[{"tweet id":"4f1f1b2ddd5544690a5b892ea0240f00"}]}
{"twitter user id":"cc099cf0916d08890ca418c29a22cbab","texts":[{"text":"Pay attention to the projects that have been continuing to deliver while the markets are down! $PYR https:\/\/t.co\/VAWV43jkw7"}],"tweet ids":[{"tweet id":"81535f732366997005f7b46d40633f52"}]}
{"twitter user id":"cd09a1d24460b8615a3e8c5db30f85cb","texts":[{"text":"$LUNA Real price will come out soon; Follow price target.~  https:\/\/t.co\/wCGu9htoGH"}],"tweet ids":[{"tweet id":"5263921a961349474e9b32013eb311a9"}]}
{"twitter user id":"cd21c78bf7235424c2b3afb603d6dead","texts":[{"text":"@ape280 OS sea is trash. $LOOKS is the solution"}],"tweet ids":[{"tweet id":"573ac346cc18e499725250aace2fee1b"}]}
{"twitter user id":"cd8ca8cd42f5bb7e02db5100ab5fdc5d","texts":[{"text":"$ATLAS Best room on the net.. Stay turned: https:\/\/t.co\/UAoz9KAsew"}],"tweet ids":[{"tweet id":"11ce05cda8e6f95a7304bf5d5b1960b3"}]}
{"twitter user id":"cdce12fccb068747e63059186f327875","texts":[{"text":"Rose Above Previous Day's High today: $CHZ ... https:\/\/t.co\/Sr2t6babZ6"}],"tweet ids":[{"tweet id":"37098a8433de799799d0dc748d218912"}]}
{"twitter user id":"cdf754674e9039cf86f94c61eee991fe","texts":[{"text":"VulcanDex is BACK! Kicking off the #NFT farms with some of the biggest rewards you can get: VulcanVerse land!    It's all back, everything's back. 2022 LFG.     $PYR https:\/\/t.co\/fvigV5mt0w"}],"tweet ids":[{"tweet id":"53da6d4dd0befa1e1d063c2fbe7d95d0"}]}
{"twitter user id":"cecd240c103fb1fcb1df10a290d9e3e9","texts":[{"text":"Interesting for sure. Doing more research but this definitely caught my attention.    $Aave launches Web3 social media platform, Lens Protocol https:\/\/t.co\/QEsYWGJN8x"}],"tweet ids":[{"tweet id":"b8bc812becb3458596497bbff1c37a19"}]}
{"twitter user id":"cf21703a6c143b7ed04194a7eada4595","texts":[{"text":"$MIR~If you really want to make huge profits on trading then check out this chat; Today's watchlist &amp; winning alerts*** https:\/\/t.co\/rbrIWYdvP8"}],"tweet ids":[{"tweet id":"82dad71ce4d284626385255efa0294c8"}]}
{"twitter user id":"cf2bef2809212f5cb4b72fd730d10c9b","texts":[{"text":"$ALGO NFT alerts, crypto alerts. We've got both. Check us out today for a free 10 day trial. https:\/\/t.co\/AnMo7pDvX0"}],"tweet ids":[{"tweet id":"06e82d287a7e5e1b15b9f19d742491f8"}]}
{"twitter user id":"cfac7b9a29f6c1445042fa058fa8874f","texts":[{"text":"\ud83d\udfe2 Buy $MINA [SPOT]  #MINABUSD  Filled: 16.0643 #MINA \/ 40.00 #BUSD  Buy Price: $2.49    #Mina #Binance #Bitcoin #Metaverse #NFT #Web3 #Altcoin"}],"tweet ids":[{"tweet id":"76303ee11ea16ab7a3492cc36121e1d2"}]}
{"twitter user id":"d1748f1ca1aa8fc85559b0925b9e7eb8","texts":[{"text":"#MIR is moving slowly but surely in the falling channel. At the moment, the profit from the entry will be 30%+. It is worth keeping at least to the upper limit, then we will see. $MIR https:\/\/t.co\/zJoYhFWxtA"}],"tweet ids":[{"tweet id":"ecbc0afefaa4275b61312e2cbd3a072e"}]}
{"twitter user id":"d1aad0aa1d7d91afcf61d72cff59fe1f","texts":[{"text":"$LOOKS Real price will come out soon; Follow price targets...        https:\/\/t.co\/BRchpBgVnA"}],"tweet ids":[{"tweet id":"5458d9d5ca56860f598bf10595043bfb"}]}
{"twitter user id":"d594fe4e950a64793bef133626dbe18e","texts":[{"text":"\ud83d\udd25A giveaway from @DopeWolvesNFT   \u2705Prizes\ud83c\udf39: 5 Dope Wolves #NFT (listed on @tofuNFT)  \u2705How to join:  1\ufe0f\u20e3Follow @oasisrosenews &amp;  @DopeWolvesNFT 2\ufe0f\u20e3Like, retweet 3\u20e3Tag 2 #OasisNetwork friend, comment $ROSE  \u2705End after 72h\u23f0 https:\/\/t.co\/q8BFEdjWHI"}],"tweet ids":[{"tweet id":"fa959e192cd38412cf3573f8bec1bb55"}]}
{"twitter user id":"d5dc470eb5ccc073d9294b9960ce2cd1","texts":[{"text":"\ud83e\udd29We are thrilled to announce our partnership with @perpprotocol and have enabled $PERP bridging between @ethereum, @BinanceChain, @optimismPBC, and @arbitrum at \u2b07\ufe0f  \ud83e\udd84https:\/\/t.co\/35fICZsz3A\u2014most # of chains, lowest fees, fully non-custodial, no vendor lock-in. https:\/\/t.co\/HSqalZCtiY"}],"tweet ids":[{"tweet id":"b2475eaec6edfc98384e5d031d3a08b8"}]}
{"twitter user id":"d6a6f241e53be7389198edf4001eb4d4","texts":[{"text":"$12000 in $ETH to a random Follower\ud83c\udf81  - rt &amp; follow me\u2764\ufe0f\u2764\ufe0f\u2764\ufe0f\u2764\ufe0f\u2764\ufe0f\u2764\ufe0f\u2764\ufe0f  So that you can start with #NFT https:\/\/t.co\/FdYsOeWpDO"}],"tweet ids":[{"tweet id":"0cd88f4c26aa416e03a03098e31e7938"}]}
{"twitter user id":"d6c3cf11060d87dcba8623c7dcd15eb8","texts":[{"text":"@Medusa_zone Best project ever , I am very happy to be participating in this project. I hope this project will gain more popularity in the future @miftahulaziz666 @anggardhiashter @AlwafaIkhwan  $FTM #defi #tombfork #fantom #MEDU #medusa #MedusaZone #Cryp"}],"tweet ids":[{"tweet id":"49469f141b0956be64b99d7eeb405b0a"}]}
{"twitter user id":"d739a9f77ef0832ff768d7358b6576b0","texts":[{"text":"@analistozzy $CREAM TO THE MOON #STAYCREAMY"}],"tweet ids":[{"tweet id":"66d1f50d7354880905ceb7a4146211f3"}]}
{"twitter user id":"d8836fa1857e3529a940ecd99c4d90b2","texts":[{"text":"@TodayAvalanche @AaveAave @avalancheavax @avaxholic @Avax_News @AVAXDaily @Avalanche_Space @avaxradar If you're looking to get into cryptocurrency investment it's best time to invest in $Aave as they are lots of project to look into..the space of technolo"}],"tweet ids":[{"tweet id":"2d65195011709f63d64897d54da4a189"}]}
{"twitter user id":"dc10ddcd58eab9fc9b1a488b8334056c","texts":[{"text":"#ONTO is excited to host a #giveaway with our ecosystem partner @harmonyprotocol! \ud83d\udc4f  \ud83d\udcb0 A total of 4,000 $ONE up for grabs!   \ud83d\udcc5 Event runs until Feb 20, 13:00 UTC  Complete all tasks in Gleam to share the REWARDS! \ud83e\udd11  Get started now \ud83d\udc47 https:\/\/t.co\/goWvY179mK https:\/\/t.co\/AajN0FzCJl"}],"tweet ids":[{"tweet id":"66f7251a8d554728237633d20549f38e"}]}
{"twitter user id":"dc3bd152168a9151d86ffd5ad423fe98","texts":[{"text":"@ProjectAyven   Our #NFT\ud83d\udc49Escape Game\ud83d\udc48 launches this Sunday \ud83d\ude80     \ud83c\udf81The first one to solve all puzzles wins a free NFT\ud83c\udf81    The next 99 receive the life-time role \ud83d\udc8eArrivant, which offers great benefits, such as an instant 2.5 $XCH pre-sale offer \ud83d\udc40    "}],"tweet ids":[{"tweet id":"c0917f19c0cebe86631d04d26e89426a"}]}
{"twitter user id":"deac618a87e39da12502e61dac905057","texts":[{"text":"@cobie @RuneKek @CryptoDonAlt Sike I own $MKR https:\/\/t.co\/vWdfCu1vds"}],"tweet ids":[{"tweet id":"537a790d19f1b2c5b4116b17a976b7b0"}]}
{"twitter user id":"e1b99655942d638f10d0b3ff5f6e9d1b","texts":[{"text":"$CRV has generated a 1-day uptrend wave, crossing to buying pressure around Feb 18 and peaking between Sept 4 2022, and Jan 17 2023.    Have high aspirations for this one. PT of $23. https:\/\/t.co\/kEz3ikfMpP"}],"tweet ids":[{"tweet id":"3828b926dae88b806f590914efcd5d63"}]}
{"twitter user id":"e1ba8e30d5f37e3d1f6920eca76e4175","texts":[{"text":"AscendEX will launch an exclusive referral event, providing both referrers and referees with the chance to share pooled rewards of $40,000 worth of $DOGE tokens and 10 #iphone13 Pros.     \ud83d\udd51 Jan. 27 12 AM UTC \u2013 Feb. 10 12 AM UTC    Register to participate \ud83d\udc49  https:\/\/t.co\/GW3epD8HoE https:\/\/t.co\/3mt5kNWMrl"}],"tweet ids":[{"tweet id":"cb3c0489024cb7091e3f18355460641f"}]}
{"twitter user id":"e69acd35af9332273a0eb558f683a33f","texts":[{"text":"$THETA  Best room on the net..;, Stay turned https:\/\/t.co\/RrTfDrN222"}],"tweet ids":[{"tweet id":"d3e337aadac190cf0517727aa0948716"}]}
{"twitter user id":"e7a2cc8e267168e014761e17b8966db3","texts":[{"text":"@cryptogems555 @ebox_official is my favorite so far! so yeah buy your tokens at ebox now \ud83d\udc4c\ud83c\udffd\ud83d\ude80\ud83d\udcaf They provide services and solutions \ud83d\udc4c\ud83c\udffd    \ud83d\udc49\ud83c\udffd https:\/\/t.co\/gfn7mcqE4u    #privacy #security #staking #cryptocurrency #Altcoins #Moonriver #Polkadot #OTC $"}],"tweet ids":[{"tweet id":"fe39df00d411c2c5d593260c2f8aa4b6"}]}
{"twitter user id":"ea0a381e5b2e0ed416f100ec07d1a41a","texts":[{"text":"@ExcelBaller Thank god I stayed blindly loyal to $JOE"}],"tweet ids":[{"tweet id":"6932514343589071d2fd7f3a92121824"}]}
{"twitter user id":"ea35bb9702dc04d9e03f7cc8e179b18c","texts":[{"text":"$ATLAS after game release 5$ and after 6-9 months target price will 35$-50$. Patience."}],"tweet ids":[{"tweet id":"6cb36498f305a63a9c49e12367083884"}]}
{"twitter user id":"eb9287e566405ae51907029ec7fcf89c","texts":[{"text":"$NEO \u2705  Increased 3.68% in 5.3 hour(s) \ud83d\udcb5 Price - 24.61000000 USDT \u23f1\ufe0f [2 Mar] - 12:16:31 UTC #NEO #NEOUSDT #CryptoBOT"}],"tweet ids":[{"tweet id":"7646caaf49ce91c4cc77da72ea1e316d"}]}
{"twitter user id":"ec2b09ca1a478daaae237ee973748b43","texts":[{"text":"\ud83d\udd25#nftdrop\ud83d\udd25  CARD OC58 Cat Thief https:\/\/t.co\/YqwManhgFE https:\/\/t.co\/MPUODhzI7C https:\/\/t.co\/fTntqbT2TX  10 ed \/0.7 $XTZ #nftart #NFTartist #nftindonesia #CleanNFT \ufffc #tezos \ufffc #objkt #hicetnunc #AnimeNFT #nftanime #NFTrilisanterbaru https:\/\/t.co\/mwdodza4wm"}],"tweet ids":[{"tweet id":"8b9b10f929b3ec6c7b82f23117a53a09"}]}
{"twitter user id":"efc7571df9551d6e1b8df78fe4eb3902","texts":[{"text":"Dogecoin correction update: -84% since the Musk SNL peak last May.    $DOGE https:\/\/t.co\/1JaSnLoVX5"}],"tweet ids":[{"tweet id":"44d4d926ac7e2a8ad0d37ff81ef64e1a"}]}
{"twitter user id":"efcfe3ab456fb2a535b1f71109d5f244","texts":[{"text":"Just purchased 6000 $CRO coins #CRO\u00a0  #Cryptocom before the #SuperBowl\u00a0 #LeBronJames #KingJames #Crypto"}],"tweet ids":[{"tweet id":"f24d70211479b94bd80dfacf242afd6e"}]}
{"twitter user id":"f07e753fc7c1c0a5b785b2279e6edf22","texts":[{"text":"$500  $BNB for 5 WINNERS\ud83c\udf81 Just Like , Retweet &amp; \u2764\ufe0fFollow \u2705"}],"tweet ids":[{"tweet id":"0e424d3202933140f24a0e7988569c2e"}]}
{"twitter user id":"f0f60f80359cb5eaee54942e302f1c6d","texts":[{"text":"New wearable coming soon! \ud83c\udf89     Cigarettes price LOWERED to 2 $MANA until published: https:\/\/t.co\/ij54zJkeBH    GANJA SMOKERS MASK + BLUNT \ud83c\udf81 GIVEAWAY \ud83c\udf81    1x : Airdrop for a cigarette holder  1x : Follow @TailorMETA + RT + Like    The giveaway ends when the new item will be approved! https:\/\/t.co\/gSsIuOpp2S"}],"tweet ids":[{"tweet id":"4617229b32737944406045370d4eee66"}]}
{"twitter user id":"f1a3ff3045169aa6226330194769d699","texts":[{"text":"TA by @HumpBackCrypto   \" $FTM is one one of the big winners in this bullrun. I checked many indicators and noticed that #FANTOM was bullish 80% of the time.\"  Trading Plan - Buy : Now - Rebuy : 2.5$ - Rebuy : 2$  \ud83d\udcc8 to $5.00 https:\/\/t.co\/ocJmz034wg"}],"tweet ids":[{"tweet id":"ebcceb70adc19674605112d08d5d541e"}]}
{"twitter user id":"f3ea5b939696d64c0e70e5658b48c510","texts":[{"text":"$XCH For a limited time, we are opening our trading chatroom to the public.. Get access to chatrooms, stock alerts,, option alerts, portfolios, and more. https:\/\/t.co\/X1z4gkzJ5B"}],"tweet ids":[{"tweet id":"9a2dba037aad58f7e6554512f779d3eb"}]}
{"twitter user id":"f400502e7200934fb617424f069927a6","texts":[{"text":"\ud83e\udd8a  CVX Call  CVX Mar18'22 145 C  Volume: 1532  Open Interest: 426  Volume USD:  261.756  Underlying price: 134.3  Last Option Price: 1.62  Vwap: 1.71  Sector: Energy Minerals  Industry: Integrated Oil  Volume on Ask: 50%  $CVX  #CVX  \ud83e\udd8a"}],"tweet ids":[{"tweet id":"232c4f1844b331799d9fc5bcc81fd684"}]}
{"twitter user id":"f4899c08eee3d60ffd097453945e6688","texts":[{"text":"\ud83d\udcc8 #Ethereum $ETH Mining Difficulty just reached an ATH of 13,385,922,593,911,700  Previous ATH of 13,332,198,276,449,700 was observed on 10 February 2022  View metric: https:\/\/t.co\/s9t4z9o8ba https:\/\/t.co\/X5eZvbaToW"}],"tweet ids":[{"tweet id":"a9ee779ab86f5cf91ee175f9adde64e3"}]}
{"twitter user id":"f61be5ab8d89cfc24e954820e8220887","texts":[{"text":"Introducing our new protocol RNA Cash, that expands provide and more liquidity into the ecosystem that is pegged to $CRO.    Medium article: https:\/\/t.co\/vdIWIE1zem  Docs: https:\/\/t.co\/fqTID89aXf  Website: https:\/\/t.co\/7n41B4hRRV    #FFTB   #CRO   #DNADollar   #CronosChain  #CroFam  #DeFi https:\/\/t.co\/g1mXHoKhmP"}],"tweet ids":[{"tweet id":"1970e067c8d75e30b2b975133615a91d"}]}
{"twitter user id":"f684991e1d688d096d2dce4e57e6855b","texts":[{"text":"$BNB Refund to the Cheesus IDO participates has been sent! \ud83d\udcab    Txid: https:\/\/t.co\/6l453hP6uh"}],"tweet ids":[{"tweet id":"827726a6b01ceba34a38988db8f1ba9c"}]}
{"twitter user id":"f6d882af8edcea0fd7801b14deaed155","texts":[{"text":"$CRV bounce on point, taking profits or possibly getting rid of the whole bag again between $5-6, depending on how much talk about going to double digits will be done by your favorite influncers at that point. https:\/\/t.co\/yhbawubUY2"}],"tweet ids":[{"tweet id":"cfb2103143a4cd918580215c679005ac"}]}
{"twitter user id":"f7c5313d5f3cfc95605efa0fad9d2631","texts":[{"text":"@news_of_bsc @MooMonsterNFT @playbithotel @faraland_io Faraland will knock out the remaining 2 opponents @faraland_io #Faraland $FARA"}],"tweet ids":[{"tweet id":"80dbccb5395dfc4256e78928d4d0fe48"}]}
{"twitter user id":"f7d04e7f61f0cec8207e0e3747f3649d","texts":[{"text":"$RLY macd\/sma buy signal \ud83d\udc40 get ready \ud83d\udd25\ud83d\udd25\ud83d\udd25 https:\/\/t.co\/d0qyTQoPoy"}],"tweet ids":[{"tweet id":"e5a0d502d6935875e914d36ca7c54814"}]}
{"twitter user id":"f82919c11a46ec709db9ba5420235491","texts":[{"text":"*purr* The #Handshake TLD .eeis is now listed for sale on @NamebaseHQ for 950 $HNS #NFTs #dWeb #Web3 #topleveldomain #eeis https:\/\/t.co\/sXnzaAh0KR"}],"tweet ids":[{"tweet id":"f2bb0d62cc9da6d26b8cb6004fcb6fca"}]}
{"twitter user id":"fbb9fec870a3e4cb1a00bba8b8c78112","texts":[{"text":"$KEEP Crowd-sourced alerts,, ranking system,, and get paid being a top contributor.... https:\/\/t.co\/SImDEsWPjQ"}],"tweet ids":[{"tweet id":"022d8eb81bdc6ea3a0c80656db807502"}]}
{"twitter user id":"fbca42bb8a4d79df61a6b8f06e4433b3","texts":[{"text":"$NEAR     Entry: $10.15  Targets: $12.54, $14.00, $15.18, $16.36, $18.04, $20.19 and $26.37    Details: https:\/\/t.co\/fhFidTipMp    #NEAR #NEARProtocol"}],"tweet ids":[{"tweet id":"a4a3002617c58290e4add08d8df57f7c"}]}
{"twitter user id":"fc6022a54378a307d2e409e2048de521","texts":[{"text":"$LOOKS almost at breakeven. Never doubted it for a second https:\/\/t.co\/1SgGKRoalt"}],"tweet ids":[{"tweet id":"8c9b61a4ca1c3365ff49701428b52992"}]}
{"twitter user id":"fe79699d016c221a2b326dc70704502b","texts":[{"text":"KuCoin Margin Trade Adds $PYR @VulcanForged - Enjoy Double Rewards!"}],"tweet ids":[{"tweet id":"6f8c6ee01cc98cdcba0de83d3c12edf9"}]}
{"twitter user id":"fe9a113e31b99fd8f4daeddcf3dde9c5","texts":[{"text":"@intocryptoverse $Aave"}],"tweet ids":[{"tweet id":"69c0b82c641da105b7801334dfe8771e"}]}
{"twitter user id":"ffbbcf65b5dc18cb95893d566ac3392e","texts":[{"text":"$ICP Real price come out soon.., Hit the target price. https:\/\/t.co\/glhol7V1W9"}],"tweet ids":[{"tweet id":"f49ac59c94b9149dfbb66add321fe23f"}]}
