{"twitter user id":"011e91100f57efc797730d1e52df6b65","class":"price update"}
{"twitter user id":"02149d6168c23e06463a2f295a5e8323","class":"gaming"}
{"twitter user id":"02682c7919a61564891be305f275cf4c","class":"trading matters"}
{"twitter user id":"03090f3bd9cb5d4cbaa6e7b82c792b3a","class":"gaming"}
{"twitter user id":"04364ae087c66d9b8e546e2a98d4a2c0","class":"other"}
{"twitter user id":"048664750bc84956bc91345f54e3b1d5","class":"price update"}
{"twitter user id":"05ec71f991dcab8cc925c3df81ae9727","class":"technical information"}
{"twitter user id":"06c3a88e0e0dda05b2b7e58e73dbd455","class":"other"}
{"twitter user id":"071b4d1b41e4c4eec886d41446a2f301","class":"gaming"}
{"twitter user id":"071b8ec4663fb172aaf8c205130b6905","class":"other"}
{"twitter user id":"07e7ec042e0325b2fd434a6cc6b922d1","class":"technical information"}
{"twitter user id":"09456dc0b4f3ef9c2c3b1e0b1c81cc29","class":"trading matters"}
{"twitter user id":"0954d873524de42de0887c86569ba62c","class":"trading matters"}
{"twitter user id":"0aa0caa2439595473f93bf2267664b9a","class":"price update"}
{"twitter user id":"0ae7bf830541db0bfe360ade1d4fc4af","class":"other"}
{"twitter user id":"0b98bd4fdb3928f28a75b0a4127e5cca","class":"trading matters"}
{"twitter user id":"0d193234fbc4beab0309b9120cf7dc19","class":"technical information"}
{"twitter user id":"0dbb475c1fecaaa9d4fcd47f2bd4cc9f","class":"gaming"}
{"twitter user id":"0ee91ecb8315e56fd512ea6ab3df3dfa","class":"trading matters"}
{"twitter user id":"0f4dc7075debd956cc30dffc9d300b15","class":"gaming"}
{"twitter user id":"11d0b7cec3b96effc9ba182f576a3817","class":"price update"}
{"twitter user id":"12ac973098c2001574204a61758e9942","class":"technical information"}
{"twitter user id":"1469f864a351e009efe2d2a2e6b593c7","class":"trading matters"}
{"twitter user id":"15a7bfe54a8bd8876eb90ad6c40701c4","class":"trading matters"}
{"twitter user id":"181848992f14803b3a3cf6fe0f66bc1e","class":"other"}
{"twitter user id":"195bf145f0d6f1e9595ec57966a2f8fe","class":"other"}
{"twitter user id":"19fdbb59b88ae33a5da27babd32eccea","class":"price update"}
{"twitter user id":"1a1b33ba2e67680fca7d034a540d7284","class":"trading matters"}
{"twitter user id":"1b03ff165668e80d9c5080b664189274","class":"trading matters"}
{"twitter user id":"1b69b8408782df8fbb595bbd90cf18e5","class":"gaming"}
{"twitter user id":"1b6e76d9f306a9194bddfbccedfc31b6","class":"price update"}
{"twitter user id":"1c3a09427defd225c01d6333906efc30","class":"technical information"}
{"twitter user id":"1e16bd2d039c81f95af34dcc760e55d3","class":"gaming"}
{"twitter user id":"1e3196baf41180853dddc55b457cc856","class":"trading matters"}
{"twitter user id":"1ff0ef2e869a52265b3a736db174060d","class":"price update"}
{"twitter user id":"20225f9bb5fffb89d81a94e909fee963","class":"price update"}
{"twitter user id":"20967909bde629174784d476b60fd534","class":"technical information"}
{"twitter user id":"20e0fc8aa394f9ab52f991d922328e77","class":"gaming"}
{"twitter user id":"211a6d5b73851d412d0aff72f48023c0","class":"trading matters"}
{"twitter user id":"21f08314109cb5084c0093af48a572d4","class":"gaming"}
{"twitter user id":"22b92b1a9b8cb425534a37621ebc38b9","class":"gaming"}
{"twitter user id":"2372c9309ee668cc0d0f5db23671200a","class":"other"}
{"twitter user id":"238005c7a9001c4e8bf04bd198bcd39b","class":"technical information"}
{"twitter user id":"23a01bb7bf84b4686ed558eda09e2083","class":"other"}
{"twitter user id":"246e72a961b4b86fb00703933e6b2a63","class":"trading matters"}
{"twitter user id":"249c8dabb88327d30f078d6699b29798","class":"price update"}
{"twitter user id":"267290057dc2ca7a2e332a083f43ffd4","class":"trading matters"}
{"twitter user id":"2686e858e026ed55cf7269130df11f78","class":"technical information"}
{"twitter user id":"27e65b095d117d167bbc70ee929efb1c","class":"technical information"}
{"twitter user id":"297878076a8087e01e97944f15668a88","class":"trading matters"}
{"twitter user id":"2a22b635bca97172dce7bb36a6979d3d","class":"price update"}
{"twitter user id":"2b052a64bd48924a18e38b8ed9efba17","class":"trading matters"}
{"twitter user id":"2d07975e01367a1dcbbcb4d9085ee313","class":"gaming"}
{"twitter user id":"2d170f931233e93c0c6b70027f30ce3b","class":"trading matters"}
{"twitter user id":"2e61031ae146a5844c5ef2c24f8d7e3e","class":"trading matters"}
{"twitter user id":"2ea983cffbca69d6d3f1f25602e9893d","class":"other"}
{"twitter user id":"312849a0e52f2f913602f63590bf7df7","class":"trading matters"}
{"twitter user id":"339d47ad225786caf5ed6987b43b6b4e","class":"trading matters"}
{"twitter user id":"35c3ae505a8cefb8379d957cb191fbb4","class":"price update"}
{"twitter user id":"3685f761b2dcefadef26dce4590bea03","class":"price update"}
{"twitter user id":"3869aa281bf7b0057c3160b6c0f3f5a0","class":"price update"}
{"twitter user id":"38db4eddf03117ce91093a920966451e","class":"price update"}
{"twitter user id":"3a5f7847d93a029392b71ae26bef4f12","class":"trading matters"}
{"twitter user id":"3c0c257d026acfa4c0916d3dd3289a35","class":"price update"}
{"twitter user id":"3d48a33f701065dca2dbf69d73f86769","class":"technical information"}
{"twitter user id":"3e6daed859755cd1c89e88c3aff70feb","class":"price update"}
{"twitter user id":"3f684d1d6d64da751fcee97a8e81a0f9","class":"technical information"}
{"twitter user id":"3ffad0717c8c10c0579da440aa3e304c","class":"other"}
{"twitter user id":"403b566e837388df6b58a9d0c48bbee1","class":"trading matters"}
{"twitter user id":"4103aae63f4ce44e3661ee1ac274ba81","class":"price update"}
{"twitter user id":"413c1543efd0c324059fcc6e767faa6c","class":"other"}
{"twitter user id":"41f045c2aef1aaa6e6691dbc28882a9e","class":"gaming"}
{"twitter user id":"423be1d1275cc2d92edb465f385f36fc","class":"gaming"}
{"twitter user id":"43d08faefaa4183217a9a93940ee1c4f","class":"trading matters"}
{"twitter user id":"43f9565f361725bfbe745a7f90b9d83f","class":"trading matters"}
{"twitter user id":"4436cef2cd8b7fd00e72ed2592694da2","class":"trading matters"}
{"twitter user id":"44f2a949288728b7c3869cf327087641","class":"technical information"}
{"twitter user id":"45ca986a61df265b9e95ce31d85e05c6","class":"gaming"}
{"twitter user id":"4650145970f3841a8a54eabb00f8e927","class":"technical information"}
{"twitter user id":"4896a2fa457730b68fffc29225886a5e","class":"technical information"}
{"twitter user id":"49130dae254a3ab780ae74b4f72fc74c","class":"price update"}
{"twitter user id":"49ba4ef86f5426af9589613194596170","class":"gaming"}
{"twitter user id":"4b9eca12c1f46677c2811370bca8233e","class":"price update"}
{"twitter user id":"4c3227136e420fe46cd2902e03592497","class":"technical information"}
{"twitter user id":"4cda88b25ea52019a16ce791273e8519","class":"other"}
{"twitter user id":"4d6087f4afb21ba82880a7e37aba8829","class":"price update"}
{"twitter user id":"4eacdf2daa5ce631b45d3f475a426ab5","class":"technical information"}
{"twitter user id":"4f7abd7f0ddcc768887ea21271aa5b0f","class":"price update"}
{"twitter user id":"51a8aa433c090b5740a16e681cb64d5b","class":"trading matters"}
{"twitter user id":"51e9444c2c931555df525a16c6303950","class":"other"}
{"twitter user id":"52ef33a82de27e8c16f155b722ce74f8","class":"technical information"}
{"twitter user id":"53ce393ebfc73965567176d9639c47f9","class":"technical information"}
{"twitter user id":"54b382a9acd2f2c551a61ecb75caf423","class":"price update"}
{"twitter user id":"55463c67254015b20dd4a3ddb9d5069e","class":"gaming"}
{"twitter user id":"556eccb552a3c54ef435b828009a7991","class":"technical information"}
{"twitter user id":"55a89bd1758bea9e7f36b7f3ce5807e4","class":"trading matters"}
{"twitter user id":"55b531bff48f9abfc4965f6a4508e87d","class":"price update"}
{"twitter user id":"571b372fbd003d30423a10fd58f76398","class":"other"}
{"twitter user id":"57950e6fde9bd65a66eebe587a086a2c","class":"technical information"}
{"twitter user id":"58533f6f776b0fc1b7d4de29424b8d91","class":"technical information"}
{"twitter user id":"5b60d0b749008da485dec2c5147bf08c","class":"other"}
{"twitter user id":"5bdb9e10f1557159c8c9682928024d4e","class":"price update"}
{"twitter user id":"5ca4180373d661866956f505815153cc","class":"gaming"}
{"twitter user id":"5d2b5e92be1daa1b218be7d4304471bd","class":"other"}
{"twitter user id":"5dc9347fdeb98a653808984aa1d89fc1","class":"gaming"}
{"twitter user id":"5ef3db2afff0cd68aa846f5488481034","class":"trading matters"}
{"twitter user id":"5f4db921581ecde785709d282f0aa7db","class":"trading matters"}
{"twitter user id":"5f6f50e5959506e0d30ec2c2a9d116f5","class":"trading matters"}
{"twitter user id":"5fb39d3fc4d425eff547c76f308e0abb","class":"other"}
{"twitter user id":"6086859b70cfcff37f083df4903ec0e2","class":"trading matters"}
{"twitter user id":"60b6cfc2290b08b87492b23fd9f29024","class":"trading matters"}
{"twitter user id":"60edad71b77a5faa7045ca845a76e0ae","class":"gaming"}
{"twitter user id":"60f36a0f9cf5a98d7ec74c2b613cbc6a","class":"technical information"}
{"twitter user id":"61942079b3f0fdb896a629fe7c4f8ee7","class":"other"}
{"twitter user id":"61c5c6fdf469139a5dc16a61419f165b","class":"trading matters"}
{"twitter user id":"64888c559bfcb65c278feefc75f969a2","class":"trading matters"}
{"twitter user id":"64edc09021d2b3218e08866ae232291d","class":"technical information"}
{"twitter user id":"664dfbd676543def8be250aca7d431b8","class":"other"}
{"twitter user id":"66625eca2d838fa2785c1af279c14bc4","class":"gaming"}
{"twitter user id":"66687629fee51895f79bc97beeb79592","class":"trading matters"}
{"twitter user id":"67a93ebcce7b737e2420c9186a1cfa85","class":"gaming"}
{"twitter user id":"67b1591d11884a080af4af764614e7de","class":"price update"}
{"twitter user id":"68d963d9af2802356863ded7ec7d2db1","class":"other"}
{"twitter user id":"69dfa35d4d20ee4bd48555d56f9ce08d","class":"price update"}
{"twitter user id":"6a1b811e58635793fdb7d5571931aea1","class":"trading matters"}
{"twitter user id":"6bb2472462c20743899d80ddb19b1f01","class":"trading matters"}
{"twitter user id":"6c63c80d0de54a0412d2c423a96ce1d2","class":"price update"}
{"twitter user id":"6d1ad857dba06cee66dc6d57f83fe4fb","class":"gaming"}
{"twitter user id":"6dde3e3345cb46940b6e5af8bb8d2a20","class":"other"}
{"twitter user id":"6e5af2b2e5f753001553fde00bc14ca7","class":"other"}
{"twitter user id":"6f91a3609b0e06fe56258556be2f9fbb","class":"other"}
{"twitter user id":"700ad46c7979c5e05500d0328616aa0d","class":"other"}
{"twitter user id":"700c445db52da8cee4a9f3a49b296567","class":"price update"}
{"twitter user id":"714039e654d17a196801aae9125b86a4","class":"technical information"}
{"twitter user id":"721426addd920ef6bea6042301553c61","class":"price update"}
{"twitter user id":"7237ac842c40331d47de40771cee8055","class":"price update"}
{"twitter user id":"72c279cc407fe2557f3e0e0429ba5d82","class":"price update"}
{"twitter user id":"72f976da975756348aed49c7d53e0c48","class":"price update"}
{"twitter user id":"738d638466f98a1abd5792407de5e6ae","class":"technical information"}
{"twitter user id":"756826feb29312179dcf4a550bdf5e1b","class":"technical information"}
{"twitter user id":"75c0ab01c3e43c1711582b1dab9fde57","class":"other"}
{"twitter user id":"75f05bd4da14f3a7fb02ea22d048a0ae","class":"gaming"}
{"twitter user id":"76bc75dbbfcb402b2459ca32729e2cd4","class":"price update"}
{"twitter user id":"774f25bdfa2b08db2e3a8e5a1ff692e8","class":"gaming"}
{"twitter user id":"778ab773b46e6235a9769a901c386f71","class":"other"}
{"twitter user id":"77bbab75d9c383858713879b36f7e983","class":"price update"}
{"twitter user id":"77cde3d77a224c0f2d109f4fa8b93919","class":"gaming"}
{"twitter user id":"77f3ac8e0ba81151c2a043805590ee85","class":"gaming"}
{"twitter user id":"77fa8549a5dc98f3c259db070ce49251","class":"other"}
{"twitter user id":"78e2e653905833ea7625e417cc8e29d8","class":"trading matters"}
{"twitter user id":"7bf0eeae57995d3364f9d3e37d597b26","class":"other"}
{"twitter user id":"7c25a3afdd23f670751c7fb14e9605dc","class":"other"}
{"twitter user id":"7c8efa79bb480814b57c7fbfbb6345e3","class":"price update"}
{"twitter user id":"7c908ad9b8c14d25df5ff5e8413f03b4","class":"price update"}
{"twitter user id":"7cb236ad0731aff08d52aff51905c885","class":"gaming"}
{"twitter user id":"7cf96049000003939338525bd4e73bae","class":"price update"}
{"twitter user id":"7d13afff7b88c7edd050cdfbd1addb6c","class":"price update"}
{"twitter user id":"7e5a9fcb6f938edc5882b1fca99937cd","class":"price update"}
{"twitter user id":"7ebed5222371a80bbf637b903fc6ebd0","class":"gaming"}
{"twitter user id":"7f409883c36c9b3a3d699952075ee400","class":"price update"}
{"twitter user id":"810edc9512f1cf138f80c97f11263b65","class":"gaming"}
{"twitter user id":"83aa4d49beffae1686ec9a90d2338f52","class":"technical information"}
{"twitter user id":"83bed0494139df991bdb664fffe573e7","class":"other"}
{"twitter user id":"8467f7a7cb9566777e44537dfb097e85","class":"technical information"}
{"twitter user id":"848cbff36ede447e047c1b86f4b907e8","class":"technical information"}
{"twitter user id":"84fd1aab681fbdbba71cb2bea89547e8","class":"trading matters"}
{"twitter user id":"85d6ca0702c046c35366d073f0af43ec","class":"technical information"}
{"twitter user id":"863b1c4d2f23bef7ff3b61b6aceb4396","class":"gaming"}
{"twitter user id":"86abab6788162a1f533ac412d2759b32","class":"gaming"}
{"twitter user id":"87247042f7279b217062167feec397d2","class":"price update"}
{"twitter user id":"8799e25402cba051217548a900acf646","class":"technical information"}
{"twitter user id":"89003fd77040170f78fd858cd43b8b7e","class":"technical information"}
{"twitter user id":"8923fca78bfbed8cb81c2de87a6be4a6","class":"price update"}
{"twitter user id":"893eb2593748204771021eee24140f6c","class":"trading matters"}
{"twitter user id":"8a274a3372e4011ed8f315f3370f3a69","class":"other"}
{"twitter user id":"8a363b70a52a40b9e2ba0432cb0d9321","class":"trading matters"}
{"twitter user id":"8b81f686abae5abde120d59dc4083b35","class":"price update"}
{"twitter user id":"8bc65a8317726cbf194c0e65b35ba5f8","class":"other"}
{"twitter user id":"8df500a70ce72fb7bfe70cbe1d771c91","class":"trading matters"}
{"twitter user id":"8ec902977ece7d96ce3765531781237a","class":"trading matters"}
{"twitter user id":"8f4c076ab91cc922430f7be5c9c1acb9","class":"gaming"}
{"twitter user id":"904d27d6ba6037da2ac01e289715cee4","class":"technical information"}
{"twitter user id":"90f31337ba1ec973a520c492897025ec","class":"other"}
{"twitter user id":"918d705a47bc87f17a697a75456751c2","class":"technical information"}
{"twitter user id":"91a4b7ea21cb73d5cfeb75aa8d64412f","class":"technical information"}
{"twitter user id":"9343b48eb4bb32337af320cff5ecf540","class":"trading matters"}
{"twitter user id":"935bf4b6bdef363be6075e97e28fa95c","class":"gaming"}
{"twitter user id":"93dd6a24c33a1531f36a83b9ff7e226b","class":"technical information"}
{"twitter user id":"94a8683c544fe1d97c5a0e757e239f53","class":"other"}
{"twitter user id":"95e1884e0204c5e0533bef528534da5e","class":"trading matters"}
{"twitter user id":"96351d2779d69b15ea2e60a596466331","class":"price update"}
{"twitter user id":"96a509adfce67b8ea84fe6f43e4a31aa","class":"other"}
{"twitter user id":"96f9c27af6117589a2112c4917b9eedc","class":"trading matters"}
{"twitter user id":"97f988377e08843c80fe243c85b5d905","class":"other"}
{"twitter user id":"97feda9a851b19b7a9e6e86768916734","class":"gaming"}
{"twitter user id":"9820831af1cf43c8b92a5cdfb8811412","class":"gaming"}
{"twitter user id":"9866535537a4766f83b53f5d9d167e89","class":"price update"}
{"twitter user id":"987984ceb7c9d01a6c9d14e28f4a38f4","class":"technical information"}
{"twitter user id":"99078a6d8df3e96f6a3ba5110f454903","class":"technical information"}
{"twitter user id":"996da9a17fb71b37b2f20d741fa8e099","class":"technical information"}
{"twitter user id":"9a9a40e3bfd6d2484535a7ed2a5ca084","class":"other"}
{"twitter user id":"9c5062eeff700ce352c41da6f94670d4","class":"price update"}
{"twitter user id":"9e1f92600eb1568adb287bc88cb615b0","class":"technical information"}
{"twitter user id":"9e6040a316dd3fa0e57e655b4536f44c","class":"technical information"}
{"twitter user id":"9e6c7562103c287dafc52d83b48bd422","class":"gaming"}
{"twitter user id":"9e8954790302e145111c49bf0e2fb390","class":"price update"}
{"twitter user id":"9fd7d5a0254e269c186eff366ce8cf7d","class":"gaming"}
{"twitter user id":"a03cc8de36ce41bb3ff6f484234da561","class":"other"}
{"twitter user id":"a0587b20c5b4ec9daef04eee3bdc7c74","class":"other"}
{"twitter user id":"a0a550337092cfaa274f818c2e10c16b","class":"trading matters"}
{"twitter user id":"a0d45a8605e1074e19962887fdb08f1b","class":"technical information"}
{"twitter user id":"a104a262e9a2b1a5bb629b03b85a6832","class":"trading matters"}
{"twitter user id":"a2ca4ddfa93ecc29b15f8ae6d0305bf9","class":"price update"}
{"twitter user id":"a3555afb27f4b285b7f6b02f9ee02a30","class":"gaming"}
{"twitter user id":"a40947696f2ec7e56c2d2c82dd4f4bc8","class":"trading matters"}
{"twitter user id":"a57133aa981f161a05f209c5d6389aa7","class":"price update"}
{"twitter user id":"a5bbf322b7587b3d47ba86d69a38bb21","class":"gaming"}
{"twitter user id":"a73573cf0da22449c441249683c1fc98","class":"price update"}
{"twitter user id":"a82481bf342647c502f4ae16c191d0b1","class":"gaming"}
{"twitter user id":"a92a1c6661faf99df25a8015acec4543","class":"trading matters"}
{"twitter user id":"aabbca5bd8c7b36a921b2bfe0bccf9cf","class":"technical information"}
{"twitter user id":"ab0c6e774bcac5deeb40f0086340fb79","class":"price update"}
{"twitter user id":"ade523c132b30875821350541612a9bc","class":"trading matters"}
{"twitter user id":"aeb369ff4aee1fdef0fcfa8e54d59a96","class":"technical information"}
{"twitter user id":"aec06c658402b576515c5f66ca89d137","class":"price update"}
{"twitter user id":"aed57f8a1018c1d1cb9872d389d703aa","class":"other"}
{"twitter user id":"aedef5422889599b2f6ece723781a5bc","class":"other"}
{"twitter user id":"af751c2054ce054c54b8d51470625fe4","class":"gaming"}
{"twitter user id":"afc8cc2d959938ca28524d84381a3511","class":"technical information"}
{"twitter user id":"b04381f365340d8e3ea7739aca58362d","class":"trading matters"}
{"twitter user id":"b07ae643d6cdaf25889db9486b438b1a","class":"other"}
{"twitter user id":"b3924eeb3a2c3e236399651ee213b57a","class":"trading matters"}
{"twitter user id":"b417c298df42604959fbdb3b8dbab01e","class":"gaming"}
{"twitter user id":"b494a8d146f0dee25894cc3504d774d8","class":"other"}
{"twitter user id":"b4b10198b0707daeabc3708fef331286","class":"technical information"}
{"twitter user id":"b5e81ebe7bcb8dbdde7ae5fd2fb2a722","class":"price update"}
{"twitter user id":"b6267145cfef012612e28b04013c78d5","class":"other"}
{"twitter user id":"b6bd4a764d39bfc5f7e209f2e5e8137e","class":"price update"}
{"twitter user id":"b9a9b4395ea679ecf401b23fec7ee33a","class":"gaming"}
{"twitter user id":"bb26e9ce4fd6625ccc6b2dcca544bcb4","class":"gaming"}
{"twitter user id":"bc691ac8f1b00b1631d45d5a9f157600","class":"other"}
{"twitter user id":"bca559f6eca55832f1337023233bb452","class":"trading matters"}
{"twitter user id":"bd22ef75c8f27d290d0541587fbab625","class":"gaming"}
{"twitter user id":"bf998a50dab7601ea035348258cf5a5f","class":"technical information"}
{"twitter user id":"c0af28a88df7db29ebc3c7d2c17a38f8","class":"other"}
{"twitter user id":"c399ab4623001835b9e903c6b86b4c68","class":"gaming"}
{"twitter user id":"c5f609b96e56e9fd980d7b00193a5432","class":"gaming"}
{"twitter user id":"c64489c71dc0cd472fc407994b1fe636","class":"other"}
{"twitter user id":"c8d8fdb3ef3549f63831e3a34a2648b5","class":"technical information"}
{"twitter user id":"c9049899306667a8a856cd52ffd44717","class":"price update"}
{"twitter user id":"c90615909ca9a38070822d79697cf166","class":"gaming"}
{"twitter user id":"cc099cf0916d08890ca418c29a22cbab","class":"other"}
{"twitter user id":"cd21c78bf7235424c2b3afb603d6dead","class":"other"}
{"twitter user id":"cd2e915184b7fb50dfd8940a6c31ff77","class":"gaming"}
{"twitter user id":"cf2bef2809212f5cb4b72fd730d10c9b","class":"other"}
{"twitter user id":"cf2dbd0492d7f66777c8a4ac37122422","class":"technical information"}
{"twitter user id":"d0266ce2429205fef9b11c51dfe76ae4","class":"trading matters"}
{"twitter user id":"d0dd6ff339312da534897f45ea29bf93","class":"trading matters"}
{"twitter user id":"d0ef9265c6f8328e38f086c0cedb1b8d","class":"technical information"}
{"twitter user id":"d14e768ca25a76ac520b0ad321ba607e","class":"gaming"}
{"twitter user id":"d1505aecf28322d277f1f77162378f21","class":"trading matters"}
{"twitter user id":"d19ee02e4ae81b20882adaf36e8ea37c","class":"trading matters"}
{"twitter user id":"d1d81f69c0c03074fe53fd7ab39611d1","class":"gaming"}
{"twitter user id":"d2fda3bb0f7e37bb0eaa2f43465b6aab","class":"gaming"}
{"twitter user id":"d4e18bcc577d49916742d1a094ab6f74","class":"trading matters"}
{"twitter user id":"d592a8b8b25a8c81cc8e3ce098a55d6c","class":"price update"}
{"twitter user id":"d594fe4e950a64793bef133626dbe18e","class":"gaming"}
{"twitter user id":"d65b090e6e5dc93c4ac84250fd2aeb4c","class":"price update"}
{"twitter user id":"d859a6e5ca937a8bb611ef09a32bdd55","class":"price update"}
{"twitter user id":"d879e14ce46d1f36cd3b53eb28e69b1c","class":"gaming"}
{"twitter user id":"d90607ce3cfcde64cd7692ea3da0adf4","class":"trading matters"}
{"twitter user id":"d921e1c10e9d4857a139fd3986a1a3d6","class":"other"}
{"twitter user id":"da28954f902efa3fea6cea6d4a2acad7","class":"technical information"}
{"twitter user id":"da934dcd206f9a1a37fda4f428380a7d","class":"price update"}
{"twitter user id":"dba37b39e1729e369674095e0e1a2c91","class":"trading matters"}
{"twitter user id":"dc10ddcd58eab9fc9b1a488b8334056c","class":"gaming"}
{"twitter user id":"dc3bd152168a9151d86ffd5ad423fe98","class":"gaming"}
{"twitter user id":"dcda63a5675f0469e5a5373438ea7d17","class":"technical information"}
{"twitter user id":"dd2b780eafc19e52d2d28459a4b663b8","class":"technical information"}
{"twitter user id":"e015ecc011d8e0414e2d5441289d0b9d","class":"technical information"}
{"twitter user id":"e0e8346037e3408ab27f9534d79d382a","class":"technical information"}
{"twitter user id":"e1ba8e30d5f37e3d1f6920eca76e4175","class":"technical information"}
{"twitter user id":"e1c2d01849ed89cb6d2464e8041d6e65","class":"technical information"}
{"twitter user id":"e21e92aff1e0c71b80cecd0d5ca3dd7e","class":"gaming"}
{"twitter user id":"e247d30cf727ee6e7bf667f02d5a6e77","class":"other"}
{"twitter user id":"e2921dd529f5cec636e4e2630b0ed4d5","class":"technical information"}
{"twitter user id":"e3647d84bbdc932fc2e214ab167ac477","class":"technical information"}
{"twitter user id":"e4dd971e7147eae779d17e1e28cea383","class":"price update"}
{"twitter user id":"e4e8005c529c6d523864f1abe29cdb55","class":"price update"}
{"twitter user id":"e586e2ac646c1d50dcaf924e355a82e0","class":"other"}
{"twitter user id":"e767957efc370ad4474fc07bcada14a0","class":"gaming"}
{"twitter user id":"e77984852c538b62882a32bc715ecd16","class":"gaming"}
{"twitter user id":"e8d9ac5de7e4305c421b1b87e364b2b9","class":"other"}
{"twitter user id":"ea35bb9702dc04d9e03f7cc8e179b18c","class":"gaming"}
{"twitter user id":"ea4c7ddc5e81b520f127197c003bfa47","class":"other"}
{"twitter user id":"eae731557e866e9bd5adbff4cd76c4f4","class":"other"}
{"twitter user id":"ed9600d1db8f91b8e138b48c02464d2e","class":"gaming"}
{"twitter user id":"ef06e39eadc6a3f7f385428f1c7706be","class":"technical information"}
{"twitter user id":"ef5a1a6ac6452c39d9b5dfebff96472b","class":"gaming"}
{"twitter user id":"f0425d74f6fb6642b1da8c266db2749e","class":"trading matters"}
{"twitter user id":"f089f7146e5ebc532bfff9a0774aaec6","class":"other"}
{"twitter user id":"f2d6b2ea250e7fc9c5616d70ea46f9ab","class":"price update"}
{"twitter user id":"f3008012fdb21538322a856d235d40ca","class":"trading matters"}
{"twitter user id":"f377b491693f344af895cd149532b86f","class":"other"}
{"twitter user id":"f3ea5b939696d64c0e70e5658b48c510","class":"trading matters"}
{"twitter user id":"f61be5ab8d89cfc24e954820e8220887","class":"technical information"}
{"twitter user id":"f6b70e7c51204d56d03407cd2ede18fa","class":"other"}
{"twitter user id":"f6e6715134a4b671749f522b6e241b9d","class":"technical information"}
{"twitter user id":"f7a355ef7503f91b53110ec30213ac1a","class":"other"}
{"twitter user id":"f8467d4a9ad7a9c5ad779e86401e807b","class":"gaming"}
{"twitter user id":"f84d9d632791c7d124dd7d36d643b0e4","class":"other"}
{"twitter user id":"f8b42aec04919b67d2bdd9ffe66bfc22","class":"other"}
{"twitter user id":"f8f8e41f1bf11cc4855179ecc8504278","class":"gaming"}
{"twitter user id":"f9d54f5fb2709dc31f001a7a14716605","class":"other"}
{"twitter user id":"fb3b59afb4074b3e4d90f3948061395c","class":"price update"}
{"twitter user id":"fb4fd2507397072de7a5eae52dca93ef","class":"technical information"}
{"twitter user id":"fb53e845885552a6ccdf1dde579ddabe","class":"technical information"}
{"twitter user id":"fc6022a54378a307d2e409e2048de521","class":"price update"}
{"twitter user id":"fe217719803e44c51bf34eae156384a0","class":"trading matters"}
{"twitter user id":"fedf54cf9552bcd1d3748814dceff364","class":"other"}
