{"twitter user id":"0037a672f0ed64b3231bac64853a278d","class":"nano"}
{"twitter user id":"03eaa72711143b521c073d9ac5745923","class":"nano"}
{"twitter user id":"0409fe210a0edfe258d21e3404e1ce05","class":"micro"}
{"twitter user id":"05ca545f2f700d0d5c916657251d010b","class":"mega"}
{"twitter user id":"062492818c984febba843b650a4a602e","class":"nano"}
{"twitter user id":"0d3700fa5c7c3fce6fd1e1ffd5282f50","class":"macro"}
{"twitter user id":"0e1d2c43b93e8e80dc8eb6b29d48b2c1","class":"no influencer"}
{"twitter user id":"0ed9637249db91cb2c256ec156ce1977","class":"no influencer"}
{"twitter user id":"0f0942696ae8bcadf0db494cce7333e0","class":"nano"}
{"twitter user id":"11727505346c5f966891f74094042073","class":"nano"}
{"twitter user id":"1316cba6e1442a126102d5e2ab0813ec","class":"macro"}
{"twitter user id":"13e873428de3ccfd3873b3d7258ad411","class":"macro"}
{"twitter user id":"179aa6d5d94999ae0bf77d13bcc5fa31","class":"mega"}
{"twitter user id":"1bc1201be24ca9d0c0afd94ca0116609","class":"nano"}
{"twitter user id":"1bc3271b139a2c06af59e579890796f7","class":"nano"}
{"twitter user id":"1cbf16d93cc6a672eaed9c16ac07f114","class":"mega"}
{"twitter user id":"1fe087134fe681f8509f8d9ced432621","class":"macro"}
{"twitter user id":"21658f2f073f0e041b79bf0f7632a0eb","class":"mega"}
{"twitter user id":"238a39478f2f7b782dfdbeee63df503f","class":"no influencer"}
{"twitter user id":"28ab93d1cfa1452bee4da4a93746b956","class":"micro"}
{"twitter user id":"2a4594727182fe436cf4c92ff95afd5f","class":"macro"}
{"twitter user id":"2c89a88b4afc68a6a9b40631185892c2","class":"mega"}
{"twitter user id":"2e30287cca6193247154f34ba1127ecc","class":"micro"}
{"twitter user id":"2e9a06568e70652d1ccedff0b433b43e","class":"mega"}
{"twitter user id":"2f5a43bbfb7fcb3623222de6305b45b9","class":"macro"}
{"twitter user id":"31372df13f6fc329b520357ad3cde349","class":"micro"}
{"twitter user id":"318e755c806d7edc16b2fb7518e3fbde","class":"mega"}
{"twitter user id":"33d2e20cd6ce5b395bec12f7d0853816","class":"no influencer"}
{"twitter user id":"3686962059845fca97dd56fee083e65f","class":"nano"}
{"twitter user id":"36b3a60bab1790a46d9f54284560dc8b","class":"no influencer"}
{"twitter user id":"383e21ef21cf28f9f3005c9fc6903109","class":"macro"}
{"twitter user id":"38db4eddf03117ce91093a920966451e","class":"macro"}
{"twitter user id":"38ed8d57396dd002f1fc2ba6db91081b","class":"mega"}
{"twitter user id":"3ddbf5b440130d3ee61d4ac28018b498","class":"nano"}
{"twitter user id":"3e506c96800b45814613cc46a241385a","class":"nano"}
{"twitter user id":"3eaa1b5e4afa67fb2d097da6aae9d59d","class":"macro"}
{"twitter user id":"3fd08651cbffb8d0835e47c819ded8d5","class":"mega"}
{"twitter user id":"40f4c95f8453f0db952cc7bf65c69c1d","class":"micro"}
{"twitter user id":"42747f77b54f9b1c5bd46684bad0d7a7","class":"macro"}
{"twitter user id":"4297a11cc420930468d7b5db3cbddf82","class":"nano"}
{"twitter user id":"4436cef2cd8b7fd00e72ed2592694da2","class":"mega"}
{"twitter user id":"44717bda8fff19613beb860dcda3b4f3","class":"micro"}
{"twitter user id":"4a5ac93c64b3c8eb9c6467db2f339150","class":"micro"}
{"twitter user id":"4afb67b167a44d101a5b6ef2d2272d49","class":"macro"}
{"twitter user id":"4bdb0a8856f8109bc2fca7c188aa8986","class":"mega"}
{"twitter user id":"4c2f3c58ec4996fe74ebbfadffdd5428","class":"mega"}
{"twitter user id":"5509d8b2ba81eb6bc580a8aaa89b335a","class":"macro"}
{"twitter user id":"5539bcf90fdeb5f72914037f51147ba2","class":"micro"}
{"twitter user id":"573e89986ccca63c9e6ed0516f1142be","class":"micro"}
{"twitter user id":"592760b24ca4057a13c771b1aa7275d6","class":"micro"}
{"twitter user id":"5a3336a8e007d3848b30a8cab701f684","class":"mega"}
{"twitter user id":"5a62bef88fac1e29c3d0fb9be080e8f7","class":"no influencer"}
{"twitter user id":"5ac42dd7ef9de9c1ac5d80dfa17ed552","class":"micro"}
{"twitter user id":"5ac824229805900a92e53e4867e54f49","class":"mega"}
{"twitter user id":"5b359d7f4c1cbfe1a01ab7be98209e45","class":"macro"}
{"twitter user id":"5bb03559fe50a06839c1a7aef1c94ceb","class":"nano"}
{"twitter user id":"5be065e13b80dad05212f137e83deb38","class":"macro"}
{"twitter user id":"5c908ff32df66b299e180dec9091597f","class":"macro"}
{"twitter user id":"5d09f92f130550e5b01508c930de16bc","class":"no influencer"}
{"twitter user id":"5d516c64beebffd632b1698cd3b94efb","class":"no influencer"}
{"twitter user id":"60f11142017b254d7c2cc7ad60667732","class":"micro"}
{"twitter user id":"623113eb843163bf06c9e75d7ca56961","class":"mega"}
{"twitter user id":"66f29c09663328ecf96a8dc28e02ed72","class":"no influencer"}
{"twitter user id":"67a78a892dda5165aa35f6d2cc55f2e7","class":"nano"}
{"twitter user id":"68e43b6c5bcad14eb7e555bdde629f1c","class":"no influencer"}
{"twitter user id":"69dbb1f2410ee483faefbee04a13039c","class":"mega"}
{"twitter user id":"6b9d302f2f18ed5eacbcc59f53a2fa2b","class":"no influencer"}
{"twitter user id":"6bf325565eeff0d73d4c1c31aabfcba9","class":"no influencer"}
{"twitter user id":"729eebc9e15bf95dd30b55d894c9799a","class":"nano"}
{"twitter user id":"72dd8dd2f83ba3e8ba2c613653379605","class":"mega"}
{"twitter user id":"750aba76c971350810ebe369f8ae0b7a","class":"mega"}
{"twitter user id":"787ad6a075042caeb746621efdbdcd85","class":"micro"}
{"twitter user id":"78bd3bf2d4245f31ca82e4b748eb8847","class":"micro"}
{"twitter user id":"794fa4ae5ee04ffc401c1981be40a5b5","class":"macro"}
{"twitter user id":"7b40160e66771ab4762fed50d24ac35d","class":"micro"}
{"twitter user id":"7b6f2b51b08558e7aae334a806920107","class":"no influencer"}
{"twitter user id":"7f126542cda1a312b08f1b2ea82f3642","class":"no influencer"}
{"twitter user id":"84993708d20e2dffb5807b6b510624f0","class":"macro"}
{"twitter user id":"89175626a312db4e3988f714b1497ac7","class":"nano"}
{"twitter user id":"892329d79b72cbf55b8533ca71b28326","class":"macro"}
{"twitter user id":"8ba8b37c646a965c8de4ffcd7598572c","class":"no influencer"}
{"twitter user id":"8c43bc7498c69a3678cf7b4853014351","class":"micro"}
{"twitter user id":"91d718ddeb59cfd16fb7058758a94d87","class":"micro"}
{"twitter user id":"92eb6f1f295ca6ad74e3aee02b9f144d","class":"macro"}
{"twitter user id":"95b6f482041b5d683321aa3761f28c9d","class":"no influencer"}
{"twitter user id":"96cd6178dd1341cd892b7c13d5158e2b","class":"micro"}
{"twitter user id":"96e9d592dfc66654b653cb2822be1760","class":"macro"}
{"twitter user id":"9874e41d54a664d5bb5ac76346903ac7","class":"nano"}
{"twitter user id":"991870dafafeceb067d2ef608daed64b","class":"macro"}
{"twitter user id":"9a6edc182760ef98796afad9783341dd","class":"no influencer"}
{"twitter user id":"9cbcf7875cc950766c3f018f76bafa9e","class":"no influencer"}
{"twitter user id":"a2f7726319df31c397e4ad794d9da217","class":"mega"}
{"twitter user id":"a3259c5facf41f2e842309743486f1cc","class":"nano"}
{"twitter user id":"a499049f5d596b75bd1a036602216bc4","class":"no influencer"}
{"twitter user id":"a6623aea011de0796dab71f92c921e7d","class":"macro"}
{"twitter user id":"a6a416360fb28553d0a7ffb88467e6ee","class":"micro"}
{"twitter user id":"a847260a6a065136ef60c95e02ee1996","class":"nano"}
{"twitter user id":"a895f3e34691f388ee48b833570e3690","class":"mega"}
{"twitter user id":"a8d8d5d1241fd71278f152cd24ac8323","class":"micro"}
{"twitter user id":"a9a3cb55feb90e9d4fd223a1683e3ca8","class":"mega"}
{"twitter user id":"aaa1584ceaad35c0a52a42803965c189","class":"nano"}
{"twitter user id":"aeb262e188dfd453e16d7b5909874968","class":"nano"}
{"twitter user id":"aec6c5d7bde4579b1af1e6f3dd067c57","class":"macro"}
{"twitter user id":"af71fc2bd031be154a3334ac4ce5b0a2","class":"no influencer"}
{"twitter user id":"b52e2e442478b9c5aa62989610cd78fb","class":"macro"}
{"twitter user id":"b73ff380c0ddba81d98a0240613d6023","class":"no influencer"}
{"twitter user id":"b8a86d5eaebddded3feaf7812f07fe0c","class":"micro"}
{"twitter user id":"bbfa98f4c0bae570084ebf9e441cbb17","class":"macro"}
{"twitter user id":"bc2283776d5428ebfe65f1a3574e3ca1","class":"no influencer"}
{"twitter user id":"be558c5b8dd1a7b9b1ba05fbc324d693","class":"no influencer"}
{"twitter user id":"be9244da7b1a2b634d443aca3288a633","class":"micro"}
{"twitter user id":"bece0f146543ad67467f7a16bb78e707","class":"no influencer"}
{"twitter user id":"c0d3cb706dd6ad09cb7e0b7858f98e63","class":"macro"}
{"twitter user id":"c11cc2cb8e46e082c134ad7cbfe18398","class":"mega"}
{"twitter user id":"c543d9335fa9289048d81af27371848e","class":"nano"}
{"twitter user id":"c5ca7fe528438feb3a389d90d88c284d","class":"mega"}
{"twitter user id":"c727fd8b7dc3978b363de67dad8c40af","class":"micro"}
{"twitter user id":"c88b607601949a0b47baa93f2e0693c5","class":"nano"}
{"twitter user id":"cc7a7d39a686a70461b54d402f06d457","class":"mega"}
{"twitter user id":"cfa00327235235fe3cc72fc5449ee111","class":"macro"}
{"twitter user id":"d099b9f432709659c04523ffdf0ac200","class":"mega"}
{"twitter user id":"d2335a22712cde118b103869bfaa594f","class":"nano"}
{"twitter user id":"d3202f7bed1bc52575b315a8c55b68b6","class":"mega"}
{"twitter user id":"d4ff198244a9671c78c4105f93085998","class":"micro"}
{"twitter user id":"d5dd10cd702a791660eb98f7a1a6871f","class":"no influencer"}
{"twitter user id":"d75542f32c8d3c4cd3533f7c6ad1916f","class":"no influencer"}
{"twitter user id":"d86fbb678a84112f8914c63e46531d21","class":"macro"}
{"twitter user id":"d8816b8d2b001ffe1bf47c5e3b1d8a9e","class":"mega"}
{"twitter user id":"d93c34891319f552eec1afed5241bb62","class":"no influencer"}
{"twitter user id":"da3c028d3c264701fef2eded8281ec2f","class":"mega"}
{"twitter user id":"da89c2c020fcec3484dc7c59e84c85f6","class":"no influencer"}
{"twitter user id":"dd06435f7c24ad2df8fafecb951c2218","class":"micro"}
{"twitter user id":"dd5f93bbd854c3f7c88abf61476c66bf","class":"nano"}
{"twitter user id":"dd6d04b11ed5c18f601cdbd0a467289a","class":"mega"}
{"twitter user id":"e0220feef7cfdc682f6e2b1e089087bf","class":"mega"}
{"twitter user id":"e1ec91e2c7f3fab9f6d5b10039b58b19","class":"no influencer"}
{"twitter user id":"e220b06b623b0b1a406e00e3167e5566","class":"micro"}
{"twitter user id":"e33230fd7719dd3ba5df50869fdd42e6","class":"no influencer"}
{"twitter user id":"e3b4e60374658a005fa49fdbad1d516c","class":"nano"}
{"twitter user id":"e5e9999715d502de2153189601f0a73d","class":"nano"}
{"twitter user id":"e65d54d66c3290b61636e55ef180b5c2","class":"micro"}
{"twitter user id":"e90bd50625748dcd6f9d40d932ab2231","class":"nano"}
{"twitter user id":"eb609388df96de828143f2830c89251a","class":"macro"}
{"twitter user id":"ecb600dcc20d30353391b9ed293caf8a","class":"micro"}
{"twitter user id":"edbf78f8f8abfd87f8cbe08023ae0eaf","class":"micro"}
{"twitter user id":"eed932b247e47a2c48dae5d8cc74dc4e","class":"macro"}
{"twitter user id":"ef3ebcf58e6468ea3c2fb3ad79540ad4","class":"nano"}
{"twitter user id":"f1f4cd93cf28218caa00ffd687907510","class":"micro"}
{"twitter user id":"f3b13776eb061e4754123e31432f5b68","class":"micro"}
{"twitter user id":"f49dfd7536d3f532ec45d4663e6f421b","class":"macro"}
{"twitter user id":"f4bd8c36c48b0e7e12b37733d7d98dd6","class":"mega"}
{"twitter user id":"f4d8a2a01c79ba39feed9ec8b2f9acd8","class":"mega"}
{"twitter user id":"f5e0db8da605dc466e4bebf0333938a0","class":"no influencer"}
{"twitter user id":"f73ecbc0d4d8fc84718f80a3e2cb7d59","class":"nano"}
{"twitter user id":"f77549dbdcbf38126210e5d5a9db98eb","class":"nano"}
{"twitter user id":"f8404b995e68fac31ac3f8318884a0a9","class":"nano"}
{"twitter user id":"fa8d3942f7e1420a5a3d9d19b672f8f2","class":"macro"}
{"twitter user id":"faed79f6d4a62e1c984a62d064f2c8d6","class":"no influencer"}
{"twitter user id":"fb41227b22d727fbcff4fe780d849de6","class":"micro"}
{"twitter user id":"fec182516cba4b665e2215094bbcc527","class":"nano"}
