{"twitter user id":"011e91100f57efc797730d1e52df6b65","texts":[{"text":"@0xGokek $AVAX has strong support of holders and developers, it\u2019s probably bit undervalued ATM in my subjective opinion it\u2019s fair price is somwhere near 105 at lows and may be +40 at highs"}],"tweet ids":[{"tweet id":"6bb36bbc21bfb0a6661b6e154aeb23be"}]}
{"twitter user id":"02149d6168c23e06463a2f295a5e8323","texts":[{"text":"NFT gaming is about sharing ownership with the world.     I never had ownership in any games I played until I found @AxieInfinity. \ud83d\ude80    $AXS"}],"tweet ids":[{"tweet id":"249ab93f298208532c0fdbd15876cd36"}]}
{"twitter user id":"02682c7919a61564891be305f275cf4c","texts":[{"text":"@KingsFantom My understanding is that they essentially want to be the $CVX of this. However, the fact that the largest voting share is ~10% means it'll be a more competitive mkt. I imagine we'll eventually see some sort of marketplace form where protocols"}],"tweet ids":[{"tweet id":"61254c03fb9789581ee0009595f39da9"}]}
{"twitter user id":"03090f3bd9cb5d4cbaa6e7b82c792b3a","texts":[{"text":"You can build a team and draft your starters, ern $ILV through play, and become part of the community-based governance!    For #nfts trading they use @Immutable X. Zero gas fees with instant transactions!    6\/20 https:\/\/t.co\/oZgF0jNVfa"}],"tweet ids":[{"tweet id":"69d613c06355515d391838908dbb4b8e"}]}
{"twitter user id":"04364ae087c66d9b8e546e2a98d4a2c0","texts":[{"text":"@stablekwon @0xwagmi So $MIR?"}],"tweet ids":[{"tweet id":"26054a47ca95d7ab5e1ee2fd5ae061d6"}]}
{"twitter user id":"048664750bc84956bc91345f54e3b1d5","texts":[{"text":"@EvolvingEmmy @stablekwon $LUNA 4 figures before 2025"}],"tweet ids":[{"tweet id":"d9c1ed3f24eaaf69e2bd21582b04f68b"}]}
{"twitter user id":"05ec71f991dcab8cc925c3df81ae9727","texts":[{"text":"Opera browser now supports Handshake domains giving millions access to web3 and the decentralized internet. Make sure you own your online identity with $HNS top level domains.     Check out https:\/\/t.co\/PNmCpiUUHU and https:\/\/t.co\/nQQSnvAGtG"}],"tweet ids":[{"tweet id":"710a58f0106f1ed8fe6b1f91bcb1dfc2"}]}
{"twitter user id":"06c3a88e0e0dda05b2b7e58e73dbd455","texts":[{"text":"#ValentinesDay is coming up next week\ud83d\udc99    \ud83d\udc40Seeking a #Valentine who:   * Doesn't mind my morning breath \ud83d\udd25  * Values scarcity (few) \ud83d\udc32  * Likes things done $QUICK \u26a1\ufe0f    HBU? What are you looking for on #ValentinesDay2022? \ud83d\udc47\ud83d\udc47\ud83d\udc47 https:\/\/t.co\/LwDJc8mdEj"}],"tweet ids":[{"tweet id":"3ab7476852487e4466852e2dde6529f8"}]}
{"twitter user id":"071b4d1b41e4c4eec886d41446a2f301","texts":[{"text":"My personal opinion on the @LooksRareNFT situation     I don't care if the team sells WETH rewards as long as they don't dump $LOOKS token    I had no idea the ponzinomics for team (which perhaps team should be limited on their staking) but at the same time the airdrop was generous https:\/\/t.co\/3DLJgbFdiY"}],"tweet ids":[{"tweet id":"0baec0deaa73eb62b347a80cb2a58b82"}]}
{"twitter user id":"071b8ec4663fb172aaf8c205130b6905","texts":[{"text":"@milesdeutscher $MATIC"}],"tweet ids":[{"tweet id":"88ae21394131706d7bc24bd83181e226"}]}
{"twitter user id":"07e7ec042e0325b2fd434a6cc6b922d1","texts":[{"text":"#CommunityAlert \ud83d\udea8  We have compiled a list of the https:\/\/t.co\/39vWrfHHjF victim Wallet addresses, the hacker addresses, and the amounts.  The total loss is around 4,836 ETH and 282 users' wallets have been affected by the hack.  $CRO #CRO https:\/\/t.co\/Vi3lJCMQuF https:\/\/t.co\/kiweognSbW"}],"tweet ids":[{"tweet id":"f31d0aeffc38f4027121b2c953be25a4"}]}
{"twitter user id":"09456dc0b4f3ef9c2c3b1e0b1c81cc29","texts":[{"text":"@DelucaDougie @lunaterraluna @anchor_protocol Does it have anything about one must be holding $ANC to earn the full 20%?"}],"tweet ids":[{"tweet id":"69c12421001f2869688648a89bf742f3"}]}
{"twitter user id":"0954d873524de42de0887c86569ba62c","texts":[{"text":"@tomskiweb Ya feel like a $NEO TA ?"}],"tweet ids":[{"tweet id":"158264c8c6654d64105054e991a86355"}]}
{"twitter user id":"0aa0caa2439595473f93bf2267664b9a","texts":[{"text":"Looking at #CRO plays pooping out , are we gonna see a $CRO season soon ?"}],"tweet ids":[{"tweet id":"ff8c46fb03ac94e8a2ceb499324d2866"}]}
{"twitter user id":"0ae7bf830541db0bfe360ade1d4fc4af","texts":[{"text":"First 10 of 2500 from the Shibnobi collection dropped on CDC! 25% of royalties go to HODLers in $CRO! Get yours today! #NFT #cro #fftb #cdcnft #cryptodotcomnft #NFTdrop https:\/\/t.co\/HTweBC26Um"}],"tweet ids":[{"tweet id":"87f3ff7c5dcfd1d66a2f515484aa9ce1"}]}
{"twitter user id":"0b98bd4fdb3928f28a75b0a4127e5cca","texts":[{"text":"@TheMoonCarl Yep, I've been #bullish on $CRO for quite some time now. I hope @Mecha_Morphing will launch their token too; I'll definitely hold them on my dear life! \ud83d\ude09    Also, check their #NFT box sale on @TheBinanceNFT which will happen on Feb. 22 at 11"}],"tweet ids":[{"tweet id":"0b2bc19b651d0a6d2b9cc8f21d16f593"}]}
{"twitter user id":"0d193234fbc4beab0309b9120cf7dc19","texts":[{"text":"At @ShareMineAI \ud83e\udd16 we focus on #Sustainability using \ud83c\udf33 #GreenEnergy \ud83c\udf0a\ud83c\udf2c\u26a1 for our \u26cf #CryptoMining of #Ethereum &amp; #Bitcoin    And we also offer #MiningPool of #GREENcrypto \u27a1\ufe0f $XCH @Chia_Project     https:\/\/t.co\/PwILTmBGBI    #BTC #BitcoinMiner #XCH #ShareMineAI #SustainableMining https:\/\/t.co\/n5Exu0QGzI"}],"tweet ids":[{"tweet id":"7fe9a416f81259476c1ab1be6e130fb8"}]}
{"twitter user id":"0dbb475c1fecaaa9d4fcd47f2bd4cc9f","texts":[{"text":"$OXT really like how simple this chart is.  just playing pingpong within the range.  the last wick at the low cleared all the previous stops. gigalonging  a break above the range considering how long its been consolidating. https:\/\/t.co\/gRlNsZXr8Y"}],"tweet ids":[{"tweet id":"00acd7c14bc412fde5b02108a736a418"}]}
{"twitter user id":"0ee91ecb8315e56fd512ea6ab3df3dfa","texts":[{"text":"@deezy_BTC Buy more $ADA \ud83d\ude02\ud83d\ude02\ud83d\ude02"}],"tweet ids":[{"tweet id":"dceb2eb58acdd98e2ef1f06a0cd428d6"}]}
{"twitter user id":"0f4dc7075debd956cc30dffc9d300b15","texts":[{"text":"TheSandboxGame One-page Overview    The Sandbox is a unique virtual world where players can build, own, and monetize their gaming experiences using $SAND, the main utility token of the platform. @TheSandboxGame https:\/\/t.co\/zF4C4b50jx"}],"tweet ids":[{"tweet id":"806d74d9ebbf8b739d04b9b502ca41a0"}]}
{"twitter user id":"11d0b7cec3b96effc9ba182f576a3817","texts":[{"text":"$MINA  Real price come out soon.,. Hit the target price.  https:\/\/t.co\/k9PlJRikGb"}],"tweet ids":[{"tweet id":"9611177eb0f432664ae5e04d6190afe3"}]}
{"twitter user id":"12ac973098c2001574204a61758e9942","texts":[{"text":"@TheBabylonBee $FIL is preparing for a launch  Technically &amp; fundamentally verified  #Filecoin #Bitcoin"}],"tweet ids":[{"tweet id":"aa3ddb429ba6280fc8da188ba6fa5ced"}]}
{"twitter user id":"1469f864a351e009efe2d2a2e6b593c7","texts":[{"text":"Should I Buy more $MATIC?"}],"tweet ids":[{"tweet id":"38aef99debe5db1d3f1df9f67a588fbf"}]}
{"twitter user id":"15a7bfe54a8bd8876eb90ad6c40701c4","texts":[{"text":"This is probably the best time to buy $XCH. https:\/\/t.co\/uBd3QI1yYM"}],"tweet ids":[{"tweet id":"4c84bfd07af9750bd577267fa4ee8718"}]}
{"twitter user id":"181848992f14803b3a3cf6fe0f66bc1e","texts":[{"text":"@rsalame7926 is this the $FTT Genesis block?  @SBF_FTX"}],"tweet ids":[{"tweet id":"cce9452379630b42ee6a6c1086c75426"}]}
{"twitter user id":"195bf145f0d6f1e9595ec57966a2f8fe","texts":[{"text":"@mst1985holding @BabyDogeCoin McDogenald\u2019s = LIVE!    $DOGE rewards + NFTs for holders, available on pancakeswap    Buy here \ud83d\udc49 https:\/\/t.co\/VDRA5PUPYz\u2026    Telegram: https:\/\/t.co\/HpZ2YG3sF2\u2026 https:\/\/t.co\/12XcmTmAaB"}],"tweet ids":[{"tweet id":"e3dc3c2f8c40250f383228642b770ce5"}]}
{"twitter user id":"19fdbb59b88ae33a5da27babd32eccea","texts":[{"text":"$PERP looking v attractive on this dip"}],"tweet ids":[{"tweet id":"4e52ba1673b2ba61f889dd07274df637"}]}
{"twitter user id":"1a1b33ba2e67680fca7d034a540d7284","texts":[{"text":"@ByzGeneral I am thinking of $LUNA as basic stoichiometry from college chemistry:  Buying LUNA\/USDT + Buying UST\/LUNA (through burn) + Buying BTC\/UST -&gt; LUNA\/BTC A balanced equation simply gives Selling #Luna for BTC  just like on exchanges..."}],"tweet ids":[{"tweet id":"2f53a972eafdbd78a850cc74c16664c0"}]}
{"twitter user id":"1b03ff165668e80d9c5080b664189274","texts":[{"text":"Bitrue Launched $TRX\/#USDC  #XRP Community &amp; All #Crypto Investors I Highly Recommend To Sign Up For #Bitrue (Click Link Below) \ud83d\udc47\ud83d\udc47\ud83d\udc47\ud83d\udc47\ud83d\udc47\ud83d\udc47\ud83d\udc47\ud83d\udc47\ud83d\udc47\ud83d\udc47\ud83d\udc47\ud83d\udc47\ud83d\udc47 https:\/\/t.co\/PnJbh0rv07"}],"tweet ids":[{"tweet id":"35e9fbf980225d8bc0b3f0d9603f4a78"}]}
{"twitter user id":"1b69b8408782df8fbb595bbd90cf18e5","texts":[{"text":"https:\/\/t.co\/iccwcBjBj0  EOSweekly: Wombat Dungeon, Gamebox, Eden Tokens, Hack Resolution, Helios, Bullish, Eva, EVM, ENF  #EOS $EOS @eos_marketing"}],"tweet ids":[{"tweet id":"0adc2894f906c22d305c3cb48c7ecf64"}]}
{"twitter user id":"1b6e76d9f306a9194bddfbccedfc31b6","texts":[{"text":"$ICP needs to bounce \ud83d\ude05"}],"tweet ids":[{"tweet id":"16acccf0e460bcb84cf68aa027d2dbf7"}]}
{"twitter user id":"1c3a09427defd225c01d6333906efc30","texts":[{"text":"\ud83c\udf1f @cronos_chain announces \ud83d\udc49 #Cryptocurrency Coin $CRO is now Cronos \u2014 formerly known as \u201chttps:\/\/t.co\/rgFXakGgp7 Coin\u201d, CRO\u2019s rebrand reflects the #decentralization of the coin and tremendous growth of Cronos ecosystem: https:\/\/t.co\/BeNu8W610y #CryptoNews #DAO #DeFi #blockchain https:\/\/t.co\/OvOUthjgJa"}],"tweet ids":[{"tweet id":"446fda6498fe8c48d565dbaefd20ca77"}]}
{"twitter user id":"1e16bd2d039c81f95af34dcc760e55d3","texts":[{"text":"I\u2019ll send one NFT worth $1,250 in $ETH to someone who likes , retweets and follows.   \u23f018h"}],"tweet ids":[{"tweet id":"8d6a180d57cb7e4e2dae0ebd70c98458"}]}
{"twitter user id":"1e3196baf41180853dddc55b457cc856","texts":[{"text":"$CVX $150.00 Mar 25 2022 PUT \u2b07\ufe0f\ud83c\udf0a Underlying: $159.05 % Difference: 6.03% Daily $ Volume: $345,202 Volume: 2,431 OI: 541 IV: 43.69% Bid\/Ask: $1.38\/$1.46"}],"tweet ids":[{"tweet id":"da84ce230cc24f97f5dbd0d6a9d556be"}]}
{"twitter user id":"1ff0ef2e869a52265b3a736db174060d","texts":[{"text":"YESS PUMP IT $KEEP SEND TO 1$\ud83e\udd11\ud83e\udd11\ud83e\udd11 https:\/\/t.co\/LOHKvxwFWw"}],"tweet ids":[{"tweet id":"fe6af3c95ab9d65fcee20e76a3dac5b1"}]}
{"twitter user id":"20225f9bb5fffb89d81a94e909fee963","texts":[{"text":"$DOGE making a bullish ascending triangle on smaller timeframe. If breaks upwards Happy Meals for everyone! https:\/\/t.co\/mrOkN3drz9"}],"tweet ids":[{"tweet id":"22f35297164f9d3bf327507cd87e0940"}]}
{"twitter user id":"20967909bde629174784d476b60fd534","texts":[{"text":"@Theta_Sol behind a very interesting project, there must be those (teams) who work very hard on this project.  I will always support this project in the future.  @Kopiii_Pagi @PahitLidah19 @D_Rogue007  $THETA #Solana #SolanaAirdrop #SolanaMeta #Airdrop"}],"tweet ids":[{"tweet id":"5d705e30e5dabec0a862d1e69ece2dea"}]}
{"twitter user id":"20e0fc8aa394f9ab52f991d922328e77","texts":[{"text":"@TheSandboxGame I just participated in the daily #SandboxAlphaS2Contest for a chance to earn up to 1,000 $SAND! Starting March 14 -  Show your Raffle Tickets. Check out my screenshot below! \ud83d\udc47 #SandboxAlphaS2 https:\/\/t.co\/bonvgEsKn6"}],"tweet ids":[{"tweet id":"4a9ac1c36d83e141751d5fe8098fffa9"}]}
{"twitter user id":"211a6d5b73851d412d0aff72f48023c0","texts":[{"text":"@saylor $CHZ went 200% from my call . This is the best channel to recover your losses from in futures trade, join now https:\/\/t.co\/lmJkNknqwB https:\/\/t.co\/UAKifQqM2r"}],"tweet ids":[{"tweet id":"de515b368a9f43844ddced776652c037"}]}
{"twitter user id":"21f08314109cb5084c0093af48a572d4","texts":[{"text":"@news_of_bsc @MooMonsterNFT @playbithotel @faraland_io @faraland_io #Faraland is the best game on BSC $FARA"}],"tweet ids":[{"tweet id":"ff2dd89463aea1f504f6bea5c8bbc5f3"}]}
{"twitter user id":"22b92b1a9b8cb425534a37621ebc38b9","texts":[{"text":"Why does no one see how lucky $IMX and #immutableX are to be working with #GameStop ???     You'd think it was some coup by game stop to get this brand new crypto when in reality GameStop is a big brand and could have picked any of them..    Ffs."}],"tweet ids":[{"tweet id":"3fe9d0ad7788f2f81bed3aca0a02e0f4"}]}
{"twitter user id":"2372c9309ee668cc0d0f5db23671200a","texts":[{"text":"$PERP~I made $50000000000 in 30 seconds.......  https:\/\/t.co\/go0ATAUu6L"}],"tweet ids":[{"tweet id":"a367eadc85b410f7160ce7581a03843e"}]}
{"twitter user id":"238005c7a9001c4e8bf04bd198bcd39b","texts":[{"text":"reddit \/r\/CryptoCurrency DD coin mentions (past hour)  #1\ud83e\udd47 Bitcoin: 34 (+21) #2\ud83e\udd48 Ethereum: 18 (+6) #3\ud83e\udd49 Dogecoin: 12 (+2) #4 NEAR Protocol: 10 (+9) #5 Oasis Network: 6 (+5) #6 Algorand: 4 (+2)  #BTC #ETH #DOGE #NEAR #ROSE $ALGO"}],"tweet ids":[{"tweet id":"ab4a07561145fb5cbdc7b52e2a09061e"}]}
{"twitter user id":"23a01bb7bf84b4686ed558eda09e2083","texts":[{"text":"@bbtc $ANC love it"}],"tweet ids":[{"tweet id":"fb0a29d018f4963df032e1e908fdbe0a"}]}
{"twitter user id":"246e72a961b4b86fb00703933e6b2a63","texts":[{"text":"$IMX Perpetual #Futures - Short Sell Order \u2198\ufe0f \u2198\ufe0f Price: 1.5262 Take Profit: #HODL Exchange: #OKX  #Trading ID: 1358"}],"tweet ids":[{"tweet id":"cf4dc8ba0814486000e387d95b326601"}]}
{"twitter user id":"249c8dabb88327d30f078d6699b29798","texts":[{"text":"Symbol: $ETC  Timeframe: 15m  Position: Long  Price: 27.763  Time: 2022-02-03 22:45:00"}],"tweet ids":[{"tweet id":"52600ca59cb9fd23ba04538513ff67d7"}]}
{"twitter user id":"267290057dc2ca7a2e332a083f43ffd4","texts":[{"text":"$SPELL #SpellToken one of the BEST #tokens to be invested right now IMO \ud83d\ude80 #MultiChain #token with $290M trading hands \ud83d\ude80 $559M #marketcap \ud83d\ude80 #ATH $0.075 buy now at $0.007+\/- \ud83d\ude80 Market rebound make millions of millionaires \ud83d\ude80\ud83d\ude80\ud83d\ude80 https:\/\/t.co\/2LXsZqXZ29"}],"tweet ids":[{"tweet id":"163babaab9a6753722f18df7439a291c"}]}
{"twitter user id":"2686e858e026ed55cf7269130df11f78","texts":[{"text":"\ud83d\ude80 One year ago today, the @Filecoin mainnet went live at block 148,888, launching a new era of decentralized storage.    As we celebrate the one-year anniversary of the launch, we take a look at the massive growth in Filecoin ecosystem in 2021. $FIL    https:\/\/t.co\/19BGYRfrxX"}],"tweet ids":[{"tweet id":"950ce34f0b809cf3e7082faf809ced90"}]}
{"twitter user id":"27e65b095d117d167bbc70ee929efb1c","texts":[{"text":"@bull_bnb27 @coinbase @ensdomains Do you know what Handy Host is?     Web2 ain't for me mate.   I'm from the future.   ENS don't live there.   Web2 garbage.   Y'all getting rugged.   $HNS \ud83e\udd1d"}],"tweet ids":[{"tweet id":"63c83bc450993339818e9791de132264"}]}
{"twitter user id":"297878076a8087e01e97944f15668a88","texts":[{"text":"One thing.. I like $IMX @Immutable #immutableX I already grabbed them at 3,05, sold at peak. It's very low again. &lt;maybe with a crash ... 2,95-3.20 would be nice. Just be patience. You can see here, My first meeting with #IMX. And some charts now .. https:\/\/t.co\/hSTCuTzR3U https:\/\/t.co\/DQMMPzPSzo"}],"tweet ids":[{"tweet id":"f7725e3ae93509fff55340fe14892a96"}]}
{"twitter user id":"2a22b635bca97172dce7bb36a6979d3d","texts":[{"text":"$AR looking good to head up higher here"}],"tweet ids":[{"tweet id":"549d21861bb1a0add5f9d9e7f9f76a7d"}]}
{"twitter user id":"2b052a64bd48924a18e38b8ed9efba17","texts":[{"text":"@CryptoDiffer @LunarCrush @ethereum @AlchemixFi @MoonbeamNetwork @TheUFOtoken @gamestarter_co @Theta_Network @DIAdata_org @rarible @decentraland @BreederDodo $DODO  this is a good project you can profit by buying from etf #DODO3L #mexc if you want  @MEXC_"}],"tweet ids":[{"tweet id":"dd1e8638e29ffc33ca18faf4f67f79a9"}]}
{"twitter user id":"2d07975e01367a1dcbbcb4d9085ee313","texts":[{"text":"$AR weekly cup moving on expanding volume with Relative Strength https:\/\/t.co\/4H5nQz7dnh"}],"tweet ids":[{"tweet id":"c7630fc4669431372b8cf512e4ded0ea"}]}
{"twitter user id":"2d170f931233e93c0c6b70027f30ce3b","texts":[{"text":"StellaSwap going live with #Fantom #ILO on 22 Feb, 4PM UTC \u26a1\ufe0f    Bridge your $FTM to @MoonbeamNetwork with no fees now to earn 10% discount on STELLA! \ud83d\udcb0    Bookmark the ILO page for later: https:\/\/t.co\/Mz8x5tcxnd    #Fantom #ILO #FTM #StellaSwap https:\/\/t.co\/r7nFQOzT3X"}],"tweet ids":[{"tweet id":"8f9c6e1ac10f0801a72e824b722012f9"}]}
{"twitter user id":"2e61031ae146a5844c5ef2c24f8d7e3e","texts":[{"text":"#FWSells $SNX POLK DENNIS, Executive Chair of TD SYNNEX CORP sold 3,204 shares on 2022-02-01. https:\/\/t.co\/gdHP9KKSMR"}],"tweet ids":[{"tweet id":"f7c612ea86ddc2824a15014d39a256c1"}]}
{"twitter user id":"2ea983cffbca69d6d3f1f25602e9893d","texts":[{"text":"$CREAM (IceCream Finance, CMC rank: 3111) https:\/\/t.co\/mD1RsECMwr"}],"tweet ids":[{"tweet id":"6a6ca3563448c24e678d3a760b5d1daa"}]}
{"twitter user id":"312849a0e52f2f913602f63590bf7df7","texts":[{"text":"Bullish exchange is live! \ud83d\udca3\ud83d\ude80    #EOS $EOS #EOSIO #BULLISH #bullishonEOS #crypto #cripto #cryptocurrency #CryptoNews #bitcoin\u00a0 #btc\u00a0 #ethereum #eth https:\/\/t.co\/xSQQzKegQ4"}],"tweet ids":[{"tweet id":"0b0e8e879126b1775c5e2f22aff58d3a"}]}
{"twitter user id":"339d47ad225786caf5ed6987b43b6b4e","texts":[{"text":"$EOS runs to that ~4.15 zone\/100ema on rejects, RSI at resistance as well.    Wait for that 100ema hold and we are golden. https:\/\/t.co\/eEVwsOeqYX https:\/\/t.co\/vAdoRZnYQd"}],"tweet ids":[{"tweet id":"37a9504ec3b4d690ecc731b04a74f00c"}]}
{"twitter user id":"35c3ae505a8cefb8379d957cb191fbb4","texts":[{"text":"@CryptoAsia_ $KEEP is already high https:\/\/t.co\/8EFbjuMJIW"}],"tweet ids":[{"tweet id":"ad2f73c73eadcb11c7a3e62f76ab1121"}]}
{"twitter user id":"3685f761b2dcefadef26dce4590bea03","texts":[{"text":"$PERP 3.97$ leverage x5 Target 4.15$"}],"tweet ids":[{"tweet id":"9c6dd0f16ab610ed407144fb407596e2"}]}
{"twitter user id":"3869aa281bf7b0057c3160b6c0f3f5a0","texts":[{"text":"$KEEP    SHORT at 0.5904$    #KEEPUSDT #KEEP"}],"tweet ids":[{"tweet id":"7f7d4e2921997921c2ee75b1032f04a0"}]}
{"twitter user id":"38db4eddf03117ce91093a920966451e","texts":[{"text":"In last 48hrs, $ICP price increased over 25% after the recent retest of its $27.7 major support. Currently, #ICP price trades around $35.5 with resistance area within $36.6-$38.5 area. We can see #ICP take a $34.3 local support retest before it tests the $36 resistance.  #ICPUSDT https:\/\/t.co\/8hm6Od0960"}],"tweet ids":[{"tweet id":"4be82688d235cf559953b3e8c2f3d5f2"}]}
{"twitter user id":"3a5f7847d93a029392b71ae26bef4f12","texts":[{"text":"@lucianc_11 Seeing buy orders for 10k-30k $ICP at these prices. Probably nothing"}],"tweet ids":[{"tweet id":"3f9a1e12b232bee8cab5cb5b9931dea4"}]}
{"twitter user id":"3c0c257d026acfa4c0916d3dd3289a35","texts":[{"text":"Check out @AutoSharkFin \u2018s Atlantis. Treasury is higher than total market cap. $ATLAS price is therefore lower than backing (from the treasury) per token!"}],"tweet ids":[{"tweet id":"fa4f839fb6b11b24509b6e33c7ad33b5"}]}
{"twitter user id":"3d48a33f701065dca2dbf69d73f86769","texts":[{"text":". \u667a\u80fd\u5408\u7ea6  (.smartcontract) domains open soon for registration!  You could point your Domains to any digital asset: host a #Website or receive #Crypto !  \ud83d\udee1 secure \ud83d\udd10 private \ud83d\ude09 censorship-resistant  #China #DomainNameForSale #SmartContracts $HNS @NamebaseHQ @hns_fans"}],"tweet ids":[{"tweet id":"f8813a65fbc90e4e04cbfdda342cd52e"}]}
{"twitter user id":"3e6daed859755cd1c89e88c3aff70feb","texts":[{"text":"$ADA is so fk*** undervalued"}],"tweet ids":[{"tweet id":"660736c963cdde787d173801716e7d23"}]}
{"twitter user id":"3f684d1d6d64da751fcee97a8e81a0f9","texts":[{"text":"\u2b50\ufe0fSetup A Node on Testnet\u2b50\ufe0f    \ud83d\udce2@harmonyprotocol $ONE Validators    \ud83c\udf93Learn How to Setup a Validator Node on Testnet.    \u2705Test new features   \u2705Hone your skills    \ud83d\udd16https:\/\/t.co\/vimbC6yVH3    \ud83d\udc99#VDaoDotOne\ud83d\udc99"}],"tweet ids":[{"tweet id":"a5c81199e4beaf57272d0fa79017f842"}]}
{"twitter user id":"3ffad0717c8c10c0579da440aa3e304c","texts":[{"text":"$PYR \/ USDT  Seeing some action https:\/\/t.co\/z0cfdJETF9"}],"tweet ids":[{"tweet id":"9a483b845f432425142b7864694598fd"}]}
{"twitter user id":"403b566e837388df6b58a9d0c48bbee1","texts":[{"text":"Orders filled ready for launch $LUNA https:\/\/t.co\/tLfzlKM7Ef"}],"tweet ids":[{"tweet id":"a4f689ddff3b7e14e55575469c69bb85"}]}
{"twitter user id":"4103aae63f4ce44e3661ee1ac274ba81","texts":[{"text":"$NEO price had a surprise breakout after China\u2019s Blockchain-based Service Network selected the project to host \u201cDecentralized Digital Certificates\u201d and new NFT marketplaces. https:\/\/t.co\/upT67Z9RkT"}],"tweet ids":[{"tweet id":"dd5c1bcd7c493db50e5c6c3a236d5acf"}]}
{"twitter user id":"413c1543efd0c324059fcc6e767faa6c","texts":[{"text":"@nikichain #EOS $EOS and everything #EOSIO-related."}],"tweet ids":[{"tweet id":"85f82ae1924961ac8b41e9eb828c5e1b"}]}
{"twitter user id":"41f045c2aef1aaa6e6691dbc28882a9e","texts":[{"text":"@_NFTsArt @cybotz_nft \u2728Psychedelic fungi collection \u2728  0.005\uff5e0.03 $ETH each!  https:\/\/t.co\/fchk2SO5fe  #opensea #nft #nftart #nfts #nftcollection #digitalillustration #digitalart #illustration #characterdesign #character #logo #icon https:\/\/t.co\/21JMVOk7O"}],"tweet ids":[{"tweet id":"b697666a5186e4e80d50e68e614bf26b"}]}
{"twitter user id":"423be1d1275cc2d92edb465f385f36fc","texts":[{"text":"@Biswap_Dex @FaraStarter @faraland_io @moonknight You want to become a millionaire? Buy $FARA now, this is a project with x100 potential. #Faraland #FARA #VietnamBlockchainExpoverse #BSC #NFT #GameFi #Metaverse #BinanceBlockchainWeek #BNBchain https:\/\/t.c"}],"tweet ids":[{"tweet id":"28a368c7aee76091bbac7edbf83189b1"}]}
{"twitter user id":"43d08faefaa4183217a9a93940ee1c4f","texts":[{"text":"Quickswap is a decentralized exchange (DEX) on the Polygon Network. It is a based on the Uniswap V2 AMM protocol and allows users on Polygon to trade tokens through a liquidity pool. https:\/\/t.co\/3lrvNMiNm0  $QUICK #QuickSwap https:\/\/t.co\/TxT8qfwOwC"}],"tweet ids":[{"tweet id":"4bd9be78efc7b559655e7a8f5ccd7d69"}]}
{"twitter user id":"43f9565f361725bfbe745a7f90b9d83f","texts":[{"text":"Are u all complete out of touch with the crypto space? All think it\u2019s dead, traders won\u2019t touch with a barge pole, tell people to stay away. There have never been more need of extreme aggressive marketing in history of crypto. Are u blind aswell as mute? $NEO @dahongfei"}],"tweet ids":[{"tweet id":"454c1a513e82f70fd8883f2d3b2142ea"}]}
{"twitter user id":"4436cef2cd8b7fd00e72ed2592694da2","texts":[{"text":"\ud83d\udd25 Less than 40 minutes until $TRX\/$USDT is live for trading on Bybit!     \u23f0 Keep your eye on the clock! https:\/\/t.co\/CRMhpHU0RO"}],"tweet ids":[{"tweet id":"0ad6477ac6cb0408d7a18babe6af5716"}]}
{"twitter user id":"44f2a949288728b7c3869cf327087641","texts":[{"text":"@harmonyprotocol is a scalable L1 blockchain that uses BLS signatures to speed up traditional PBFT consensus &amp; relies on sharding to increase transaction throughput. With currently four shards (plus the beacon chain), Harmony can process around 2000 T"}],"tweet ids":[{"tweet id":"2294f1dcf0bb07859fde1de4539f0b7d"}]}
{"twitter user id":"45ca986a61df265b9e95ce31d85e05c6","texts":[{"text":"Looks rare Now i hv 2 Ultra rare \ud83d\udc40 https:\/\/t.co\/efAPDdXhTa Buy now before sold out #GCG #NFT #NFTCommunity #NFTs #nftcollector #NFTCollection #NEAR $NEAR @ivn430 @NearNft @ParasHQ @gorillacrewgang https:\/\/t.co\/rHeFcSOpMa"}],"tweet ids":[{"tweet id":"6d4993538c8a99b50af4111b2e9952a5"}]}
{"twitter user id":"4650145970f3841a8a54eabb00f8e927","texts":[{"text":"@IncomeSharks - Bull Div on the daily OBV for $MIR?  Slight test pop today  feels like fuse is lit for take off.  I'm still learning, so correct if wrong."}],"tweet ids":[{"tweet id":"2322e07a91934b877a27c8dbcdee490c"}]}
{"twitter user id":"4896a2fa457730b68fffc29225886a5e","texts":[{"text":"UPDATE to this news from last week: Limewire has revealed it will use the Algorand blockchain for its NFT launch. $ALGO https:\/\/t.co\/SDSwEr66ni"}],"tweet ids":[{"tweet id":"34bdf90d3f05985a635622a8660de708"}]}
{"twitter user id":"49130dae254a3ab780ae74b4f72fc74c","texts":[{"text":"$ALGO looks interesting https:\/\/t.co\/DeGUr4Z3En"}],"tweet ids":[{"tweet id":"eb4223ddf1367d880bd29b0df012e99d"}]}
{"twitter user id":"49ba4ef86f5426af9589613194596170","texts":[{"text":"I\u2019ll airdrop 5.500.000.000 in #shib Web5 to 3 lucky winners just follow me, RT \u2764\ufe0fand post your $ETH  wallet address. You must be following so I dm you informing that you\u2019ll receive"}],"tweet ids":[{"tweet id":"b85ab4b4119a02fd68e7c810edf512fb"}]}
{"twitter user id":"4b9eca12c1f46677c2811370bca8233e","texts":[{"text":"You gonna let me buy $CRV below $4?    For real?    Lol k thx"}],"tweet ids":[{"tweet id":"7c03589c3825c5b7cd21c8216ba1197a"}]}
{"twitter user id":"4c3227136e420fe46cd2902e03592497","texts":[{"text":"Are you a $PERP holder but not a trader? We get you covered! Once this integration is completed, you can pick your own fund managers to trade on Perpetual Protocol for you.   Check what they're building at \ud83d\udc47 https:\/\/t.co\/D62GKfzoYE https:\/\/t.co\/KMOe418fgz"}],"tweet ids":[{"tweet id":"6a7239208b99f5734670d75f92e1f08e"}]}
{"twitter user id":"4cda88b25ea52019a16ce791273e8519","texts":[{"text":"@ReySantoscrypto $ANC bang"}],"tweet ids":[{"tweet id":"8a414a650add4c9540e6b2ff8b9aa567"}]}
{"twitter user id":"4d6087f4afb21ba82880a7e37aba8829","texts":[{"text":"$CRO \u2014 0.42 incoming!  #altcoins #CRO"}],"tweet ids":[{"tweet id":"e9bf6f2b85af3ee47b47b549ca7d8d97"}]}
{"twitter user id":"4eacdf2daa5ce631b45d3f475a426ab5","texts":[{"text":".@Uniswap delegates are considering a proposal to launch a liquidity mining campaign on layer-2.  If approved, it will be the first time Uniswap taps into its $6.7B treasury to provide liquidity mining since the launch of its $UNI token.  by @jacqmelinek https:\/\/t.co\/U3CuL9d3sH"}],"tweet ids":[{"tweet id":"49190ba305a1fbb18f7b53909b8551f6"}]}
{"twitter user id":"4f7abd7f0ddcc768887ea21271aa5b0f","texts":[{"text":"Expect $20 min for $NEAR in November \ud83d\ude80"}],"tweet ids":[{"tweet id":"a866a88e270b80d2c7f6efacdb7a28b7"}]}
{"twitter user id":"51a8aa433c090b5740a16e681cb64d5b","texts":[{"text":"Lunatics, can anyone explain what happened with $ANC in a few weeks? Happy I did not touch it\ud83d\udd79. Dangerous games\u2026 #luna https:\/\/t.co\/CenlXJ50nI"}],"tweet ids":[{"tweet id":"dfbf34618c9b4dfbe4955298c643321a"}]}
{"twitter user id":"51e9444c2c931555df525a16c6303950","texts":[{"text":"@DropYourNFT i love this project! \ud83c\uddf9\ud83c\udded legit my wallet holdings went from 10 eth to 100+ eth after i added a @cryptoamulets #NFTdrop to my collection (100% true... check my wallets) \ud83e\udd29 Launching new set on $SOL tomorrow. Follow @cryptoamulets &amp; get in"}],"tweet ids":[{"tweet id":"6103d577336dde318d98c831e4832aa1"}]}
{"twitter user id":"52ef33a82de27e8c16f155b722ce74f8","texts":[{"text":"$CRV #CRV    1) if that level is broken, it is a short  2) wait for confirmation on this level to be extra safe  3) TP 1 below  4) do not long before this level is broken + retested https:\/\/t.co\/7Bh9xg9Nhz"}],"tweet ids":[{"tweet id":"4eeb6b014f52475d4c108b241aeeb789"}]}
{"twitter user id":"53ce393ebfc73965567176d9639c47f9","texts":[{"text":"So who\u2019s gonna be the first to integrate Lightning Address with Handshake? I think this could be what bridges bitcoiners over to using $HNS."}],"tweet ids":[{"tweet id":"d51a79aa9c984267341d735e4395a35a"}]}
{"twitter user id":"54b382a9acd2f2c551a61ecb75caf423","texts":[{"text":"we are at 4 .. $MANA #altszn \ud83d\udcb8 https:\/\/t.co\/Wpx2X4ws0O"}],"tweet ids":[{"tweet id":"174cc54d2148fbd3f8d7d470fad2c538"}]}
{"twitter user id":"55463c67254015b20dd4a3ddb9d5069e","texts":[{"text":"Huobi Wallet \u2716\ufe0f@balancer #Airdrop \ud83c\udf8a    \u23f0Feb. 18th - Mar. 3rd    \u2705Use #HuobiWallet to stake in any Polygon pool on @balancer    \u2705Comment below with\ud83d\udc47  1\u20e3Staking screenshot  2\u20e3#balancerhuobiwallet  3\u20e3Your #Polygon address    3 Lucky Winners to Share 15 $BAL!\ud83e\udd29 https:\/\/t.co\/8w6A4T1Ccu"}],"tweet ids":[{"tweet id":"0b30813dd1b92cc3720e18b6aed36a1b"}]}
{"twitter user id":"556eccb552a3c54ef435b828009a7991","texts":[{"text":"@mattigags @ivangbi_ @0xTomoyo you mean like $HNS workdrop to undervalued open-source developers?"}],"tweet ids":[{"tweet id":"bcc16de107940ab20248d5a06f655af6"}]}
{"twitter user id":"55a89bd1758bea9e7f36b7f3ce5807e4","texts":[{"text":"@MdRehan05 Not sure why u wanna short this when $LRC and metaverse tokens are trending down, short scalp is fine just don't get too comfortable."}],"tweet ids":[{"tweet id":"553184f729a60c7d64f5c9f6aef152bb"}]}
{"twitter user id":"55b531bff48f9abfc4965f6a4508e87d","texts":[{"text":"$CVX puts printed. 343.78%\ud83d\udd25 https:\/\/t.co\/cVNuQCIJ3g https:\/\/t.co\/AXgIUMxlLY"}],"tweet ids":[{"tweet id":"822043e406a2004decfef226e1752a6a"}]}
{"twitter user id":"571b372fbd003d30423a10fd58f76398","texts":[{"text":"Nice !  $HNS https:\/\/t.co\/hWHgCdt8wp"}],"tweet ids":[{"tweet id":"8c4928b436501ef219e5fa2da9c33f36"}]}
{"twitter user id":"57950e6fde9bd65a66eebe587a086a2c","texts":[{"text":"Today - on my time zone 02-02-2022 will Something happen with @MinaProtocol ?\ud83e\uddd0\ud83e\udd11  $MINA #blockchain22kb"}],"tweet ids":[{"tweet id":"a4bdb5fa847af0a14f45eb5fb5cd875b"}]}
{"twitter user id":"58533f6f776b0fc1b7d4de29424b8d91","texts":[{"text":"\ud83d\udce2 Upgraded yield delegating vaults available at https:\/\/t.co\/MkmAAjoZyM incorporating community feedback on $RLY reward emissions related to Yearn withdrawal fees. More details \ud83d\udc47 https:\/\/t.co\/ElnNJVqj3P"}],"tweet ids":[{"tweet id":"fd439250da854c181d42323abc65811a"}]}
{"twitter user id":"5b60d0b749008da485dec2c5147bf08c","texts":[{"text":"$SOL is amazing https:\/\/t.co\/35xS1ijVWr"}],"tweet ids":[{"tweet id":"0d7763fe10e60ba86afe4309d6b54d23"}]}
{"twitter user id":"5bdb9e10f1557159c8c9682928024d4e","texts":[{"text":"Top \ud83d\udd1f GAINING cryptocurrency this hour 1. $MANA or #MANA Show More https:\/\/t.co\/Wd1UnIOBEG https:\/\/t.co\/FjD0d07N0Q"}],"tweet ids":[{"tweet id":"186ef46e68fb9f0dfcce0aee8c6c15fc"}]}
{"twitter user id":"5ca4180373d661866956f505815153cc","texts":[{"text":"$300 \ud83d\udcb8  $BNB |  One WINNER! \ud83d\udcb0    \u2022 RT+follow me + reply \"done\"    Ends fast!"}],"tweet ids":[{"tweet id":"d4ff1b32eea0a567b80607d04c9e22ad"}]}
{"twitter user id":"5d2b5e92be1daa1b218be7d4304471bd","texts":[{"text":"$SNX Best room on the net..; Stay turned https:\/\/t.co\/spRzkYUty2"}],"tweet ids":[{"tweet id":"46e0e0f2ceb66d9572eb8538ea5bc545"}]}
{"twitter user id":"5dc9347fdeb98a653808984aa1d89fc1","texts":[{"text":"@TheSandboxGame I just participated in the daily #SandboxAlphaS2Contest for a chance to earn up to 1,000 $SAND! Day 1 - Selfie with the S2 Alpha Pass. Check out my screenshot below! \ud83d\udc47 #SandboxAlphaS2 https:\/\/t.co\/OpEsGda4p0"}],"tweet ids":[{"tweet id":"c3e9feadc21692a5a8c118c965523be8"}]}
{"twitter user id":"5ef3db2afff0cd68aa846f5488481034","texts":[{"text":"Sold my $LOOKS earlier at $6.80.  AMA"}],"tweet ids":[{"tweet id":"078900182e96cf7e90d79dfcb434d121"}]}
{"twitter user id":"5f4db921581ecde785709d282f0aa7db","texts":[{"text":"@SOLsquidToken The project is great, invite everyone to join, let's become an investor together!!! Go to Moon.  @KKaoru74458081  @chibao061299  @Kiet45620  $SOL #SOL #SolanaAirdrop #SOLsquid #squid #SquidGame #memecoin #Solana #Airdrop"}],"tweet ids":[{"tweet id":"a0221bac4e9b5ac3e1806cd8b1971925"}]}
{"twitter user id":"5f6f50e5959506e0d30ec2c2a9d116f5","texts":[{"text":"Are you bullish on $MATIC?    No           Sure            Yes  \ud83d\udc47            \ud83d\udc47                \ud83d\udc47"}],"tweet ids":[{"tweet id":"281ec1b0d4255fb919ad8d5f370274be"}]}
{"twitter user id":"5fb39d3fc4d425eff547c76f308e0abb","texts":[{"text":"$ETC just what in the hell https:\/\/t.co\/5aUOqnSArl"}],"tweet ids":[{"tweet id":"d3324cf7db4280d2913ffec37cb1f76d"}]}
{"twitter user id":"6086859b70cfcff37f083df4903ec0e2","texts":[{"text":"if you saw this and didn't sell $FTM idk what to say https:\/\/t.co\/G0X3j98QTk"}],"tweet ids":[{"tweet id":"abbd07fafaf191e13e6bc1f96a0c406a"}]}
{"twitter user id":"60b6cfc2290b08b87492b23fd9f29024","texts":[{"text":"$JOE Real profit come out soon hit the target price. Enjoy premium alerts $1 for 30 days... https:\/\/t.co\/ZSXk7Rr0Wy"}],"tweet ids":[{"tweet id":"d0049c5c1cd8a3abe9f4aa380e83bdd3"}]}
{"twitter user id":"60edad71b77a5faa7045ca845a76e0ae","texts":[{"text":"You can join the celebration and enter for a chance to win a #Decentraland LAND by submitting your best #wearable.   Top 10 submissions take home 100 $MANA and strut their stuff on the Community Precinct catwalk on final day of the #MVFW festival!  https:\/\/t.co\/VY9dFosRQW   3\/3 https:\/\/t.co\/6e5vjr8JZi"}],"tweet ids":[{"tweet id":"1fa1895e2dbd4222d9aee78752182573"}]}
{"twitter user id":"60f36a0f9cf5a98d7ec74c2b613cbc6a","texts":[{"text":"Maybe the masses would see it more clearly if $MKR did a 1000:1 split \ud83e\udd14 https:\/\/t.co\/Qwo7XJTE67"}],"tweet ids":[{"tweet id":"d242a5902036512b5fe29984a81645d6"}]}
{"twitter user id":"61942079b3f0fdb896a629fe7c4f8ee7","texts":[{"text":"@kunalkamble My las drop   \u2728Luces\u2728 on @hicetnunc2000   5\/5  1 $XTZ  https:\/\/t.co\/JK5Ot01UFd https:\/\/t.co\/DkZ9vzXpTh"}],"tweet ids":[{"tweet id":"0da0bbacafe6c819734e0b5b1ed356ff"}]}
{"twitter user id":"61c5c6fdf469139a5dc16a61419f165b","texts":[{"text":"@GIGAhoff Started to dca back in Jan 21 \ud83d\ude4c    $ROSE https:\/\/t.co\/1dxjkdr9ZD"}],"tweet ids":[{"tweet id":"4de6c0573385ac0a9276a68c5d721368"}]}
{"twitter user id":"64888c559bfcb65c278feefc75f969a2","texts":[{"text":"10.2 BTC worth of Currency was purchased   $TRX   On the Binance platform in the past minutes!   \u2747\ufe0f\ud83d\udd1d   Current currency rate 0.071\ud83d\udcb2   daily rise rate is 2%    #BTC #FALCONS #FALCONSWAPS #ETH #LTC https:\/\/t.co\/AH7rs7gWaV"}],"tweet ids":[{"tweet id":"f6e30da7f4cb93679f520aeb24a71501"}]}
{"twitter user id":"64edc09021d2b3218e08866ae232291d","texts":[{"text":"The tile designer stole my caption \ud83d\ude2a. Anyways, L1s' scalability trilemma led to the rise of L2 platforms. And $IMX might be the next big L2!  https:\/\/t.co\/TfwbO4FwjE https:\/\/t.co\/rt52Io2ejm"}],"tweet ids":[{"tweet id":"bb3ab1c536ccbbdef264c8c1ae653c06"}]}
{"twitter user id":"664dfbd676543def8be250aca7d431b8","texts":[{"text":"@coinbase Please consider listing $XCH"}],"tweet ids":[{"tweet id":"316664592c5f886bca6620c202b15c4a"}]}
{"twitter user id":"66625eca2d838fa2785c1af279c14bc4","texts":[{"text":"A lucky person will win 5000 $TRX    \ud83c\udf40To enter:-  Follow me RT\ud83d\udd01 and like\u2764\ufe0f     Sign up link \ud83d\udc47\ud83d\udc47\ud83d\udc47    https:\/\/t.co\/bbCgiuh3IK https:\/\/t.co\/CWetY7BYie"}],"tweet ids":[{"tweet id":"24b19229d5ee5a046521b282c4cbcdac"}]}
{"twitter user id":"66687629fee51895f79bc97beeb79592","texts":[{"text":"@cryptoastekz @YouTube $NEAR Strong, buy all"}],"tweet ids":[{"tweet id":"d759d886b53c4f041343951c9f88d415"}]}
{"twitter user id":"67a93ebcce7b737e2420c9186a1cfa85","texts":[{"text":"@Ralvero Hmmm! #Faraland sir, both of $FARA and #Faraland #NFTs. And will you analyze #Bemil in the next month when it released sir?, https:\/\/t.co\/NUiqmYcAl5"}],"tweet ids":[{"tweet id":"83e4a5572c7904771b5839bb3e52dc3b"}]}
{"twitter user id":"67b1591d11884a080af4af764614e7de","texts":[{"text":"The price of #InternetComputer is currently $44.77  #Crypto $ICP #ICP  https:\/\/t.co\/XbywniOMCz"}],"tweet ids":[{"tweet id":"81b723740f9bf44e289db41f251423cd"}]}
{"twitter user id":"68d963d9af2802356863ded7ec7d2db1","texts":[{"text":"@crypto_blkbeard $ROSE https:\/\/t.co\/dCDR4GaCYy"}],"tweet ids":[{"tweet id":"9d9f9e7725329e5bdceb7bc9e04068ed"}]}
{"twitter user id":"69dfa35d4d20ee4bd48555d56f9ce08d","texts":[{"text":"(2\/7) Total TRYP supply is 270M. 21% of that is 56.7M.     If $ILV MC is stagnant until the end of September and TRYP can match it (w\/21% supply) then the market would be valuing TRYP at:    $346.84M\/56.7M = $6.1171USD per token.    FYI @ 16% it would be $8.0287USD per token. https:\/\/t.co\/67NYK4s20L"}],"tweet ids":[{"tweet id":"2f9d3ea2497893510ce7a652609997ba"}]}
{"twitter user id":"6a1b811e58635793fdb7d5571931aea1","texts":[{"text":"$DOT For a limited time,,. we are opening our trading chatroom to the public https:\/\/t.co\/SqrM5NA8R1"}],"tweet ids":[{"tweet id":"f3f7f971c0b7e532a0a0ecad3fd9c364"}]}
{"twitter user id":"6bb2472462c20743899d80ddb19b1f01","texts":[{"text":"JUST IN: $SPELL @MIM_Spell now on top 10 purchased tokens by 2500 #AVAX whales in the past 24hrs \ud83d\udc33\ud83d\udc33  Whale leaderboard: https:\/\/t.co\/RNVyHmyAtP https:\/\/t.co\/KVFMuERvs5"}],"tweet ids":[{"tweet id":"571ba1cd3a1ef0c150084b819b75ac5f"}]}
{"twitter user id":"6c63c80d0de54a0412d2c423a96ce1d2","texts":[{"text":"Y'all about to pump $JOE back to ATH again aren't you? https:\/\/t.co\/kSd881exPT"}],"tweet ids":[{"tweet id":"8c1ca04f3807becb6b8a2d97bdcea313"}]}
{"twitter user id":"6d1ad857dba06cee66dc6d57f83fe4fb","texts":[{"text":"If you liked + RTd a giveaway post and followed DryEye, your address gets added to the WL every day at 12PM PST \ud83d\udc41\ud83d\udc80\ud83c\udf08 All WL spot holders will be able to mint one DryEye for free on March 7th \u26a1\ufe0f  #NFTs #NFTGiveaway #art #ETH $MATIC"}],"tweet ids":[{"tweet id":"e37f994698540faac80fff4e14a5b977"}]}
{"twitter user id":"6dde3e3345cb46940b6e5af8bb8d2a20","texts":[{"text":"@SirRobArtII1 What do you think about $TRX ?"}],"tweet ids":[{"tweet id":"bc73c7c601c11ddee91e5be41ff5301c"}]}
{"twitter user id":"6e5af2b2e5f753001553fde00bc14ca7","texts":[{"text":"$LRC  Call me the Rollup King. \ud83d\ude0e https:\/\/t.co\/BXiVpBVnzh https:\/\/t.co\/3oBYYDoxkh"}],"tweet ids":[{"tweet id":"57c673070de00e68e041a61331a88664"}]}
{"twitter user id":"6f91a3609b0e06fe56258556be2f9fbb","texts":[{"text":"Advisory role with @SynapseProtocol     $SYN    Dedicating funds to jungle and any paid subs!     Join the discord and help grow the project!    https:\/\/t.co\/llGuCuDfnK"}],"tweet ids":[{"tweet id":"a78e1790a785aae2158d09b269bb2f58"}]}
{"twitter user id":"700ad46c7979c5e05500d0328616aa0d","texts":[{"text":"Happy Friday! $ONE final push before the weekend! woohoo!"}],"tweet ids":[{"tweet id":"ac7f522e752b4b6c23c9c93522d4b272"}]}
{"twitter user id":"700c445db52da8cee4a9f3a49b296567","texts":[{"text":"$QUICK hit $900+ on Coinbase not too long ago     The sky is so clear. \ud83e\udd11 https:\/\/t.co\/l2vO2Go7Uz"}],"tweet ids":[{"tweet id":"5af1a763621cfd3843d36e431d8ab86b"}]}
{"twitter user id":"714039e654d17a196801aae9125b86a4","texts":[{"text":"@TheCrypticWolf1 What\u2019s your thought on $ATLAS node?"}],"tweet ids":[{"tweet id":"72bdecbb7da8c09d36a526c8d2ab3a9a"}]}
{"twitter user id":"721426addd920ef6bea6042301553c61","texts":[{"text":"Ouch, as expected! Glad I sold my bag around $3,60 right before the reward halving. I still really love the platform tho! $LOOKS https:\/\/t.co\/LGSLnk8ZIK"}],"tweet ids":[{"tweet id":"2d1e1e456cc23a1452221f0331178311"}]}
{"twitter user id":"7237ac842c40331d47de40771cee8055","texts":[{"text":"$CREAM  All targets given have been met.  But I still believe there's still room for more upside just as the HTF looks even more promising.  \ud83d\ude80 \ud83d\ude80 https:\/\/t.co\/DTax0qQNkg https:\/\/t.co\/U7CS7dwcYe"}],"tweet ids":[{"tweet id":"a64e38c609a35a01efa12894ef31aade"}]}
{"twitter user id":"72c279cc407fe2557f3e0e0429ba5d82","texts":[{"text":"$ANC  #Anchor protocol  Absolutely killing it"}],"tweet ids":[{"tweet id":"74fd424e771ba1fee4de62ec6b4d3398"}]}
{"twitter user id":"72f976da975756348aed49c7d53e0c48","texts":[{"text":"+80% from OP for $SYN \ud83d\ude0e https:\/\/t.co\/3J1ObTEuzX"}],"tweet ids":[{"tweet id":"a91a9f1c87dabfaaa8f697e550b9c5a5"}]}
{"twitter user id":"738d638466f98a1abd5792407de5e6ae","texts":[{"text":"I wonder if anyone is paying attention to the fact that $HNT is #3\/N in protocol revenue across *all* L1 chains over the last 30\/60\/90 days.   (Click \"Blockchains (L1)\" on this graph.)   https:\/\/t.co\/xUbPGQxLvf"}],"tweet ids":[{"tweet id":"7e18b8ede12717424c4f8b51c2c2b933"}]}
{"twitter user id":"756826feb29312179dcf4a550bdf5e1b","texts":[{"text":"@Deniz92773494 @HodlMagoo What is this nonsense? If you\u2019re trying to use these tweets as \u201cgotcha\u201d moments, it\u2019s not working. $XCH is a shitcoin .. just do a little research and save yourself before it\u2019s too late"}],"tweet ids":[{"tweet id":"0040057dd068e54c0d7b5a82086f77d8"}]}
{"twitter user id":"75c0ab01c3e43c1711582b1dab9fde57","texts":[{"text":"First out\/\/ $SYN: Synthetic Biologics to Present at 2022 BIO CEO &amp; Investor Conference  https:\/\/t.co\/fBVsgY98tW"}],"tweet ids":[{"tweet id":"4bf5ea1ec62a9a51981d55ff3871d108"}]}
{"twitter user id":"75f05bd4da14f3a7fb02ea22d048a0ae","texts":[{"text":"@_GAME_official Huge appreciation and gratitude @_GAME_official for hosting this $ATOM giveaway! \ud83d\ude47\ud83c\udffb\ud83d\ude4b\ud83c\udffb  Good luck everyone! \ud83c\udf08\ud83c\udf37\ud83e\udd0d  \ud83d\udc68\ud83c\udffb\u200d\ud83d\ude80\ud83d\udd2d\ud83c\udf16\u269b\ufe0f https:\/\/t.co\/SFsAwEUZ6Y"}],"tweet ids":[{"tweet id":"c1b173ca21f4c150892984e7afde620f"}]}
{"twitter user id":"76bc75dbbfcb402b2459ca32729e2cd4","texts":[{"text":"$CREAM Target 1 achieved \u2705  #charliecryptone https:\/\/t.co\/zdvv8nWL1j"}],"tweet ids":[{"tweet id":"9fc87dda6b023669e11046a5229989f1"}]}
{"twitter user id":"774f25bdfa2b08db2e3a8e5a1ff692e8","texts":[{"text":"https:\/\/t.co\/VyHjtElv2B ok this indeed looks rare \ud83d\udc40\ud83d\udc8e    Never know $LOOKS got some metaverse vibes as well?"}],"tweet ids":[{"tweet id":"f5ab106986da2f2e9c7a0f93e2471635"}]}
{"twitter user id":"778ab773b46e6235a9769a901c386f71","texts":[{"text":"@8tevenInfinity @danielesesta Ok Poor man! I\u2019m not begging for anything. Just Shaming the Dev. for a shit project! Enjoying holding my bags tho ;) $SPELL"}],"tweet ids":[{"tweet id":"a44e6ffd142c5146d0f63c5a213b593f"}]}
{"twitter user id":"77bbab75d9c383858713879b36f7e983","texts":[{"text":"No, it is simply up 208% in the last 30 days because I sold mine off at the bottom to repay some of the borrow in the downturn to avoid liquidation. My sale clearly triggered this catalyst and you will never convince me otherwise. You're welcome, $ANC holders. https:\/\/t.co\/L5PmcjqBgB"}],"tweet ids":[{"tweet id":"05c242c01b667d2d472834c55491b9c3"}]}
{"twitter user id":"77cde3d77a224c0f2d109f4fa8b93919","texts":[{"text":"First NFT with launchpad utility going live on Oasis Network soon!  Don't miss out this amazing artwork follow @rose_apes  #Oasis #OasisNetwork #roseapes #RosePad $ROSE #NFT https:\/\/t.co\/5z1PkFnIMZ"}],"tweet ids":[{"tweet id":"4721d8305b2c3fe6d45697fbf8ce2c57"}]}
{"twitter user id":"77f3ac8e0ba81151c2a043805590ee85","texts":[{"text":"@souzfusion @NFT_Enterprise Grumpy Robot\ud83e\udd16\u26a0\ufe0f  \u26a1\ufe0f\u270c\ufe0f\u262e\ufe0f\u26a1\ufe0f  @hellruler1819 @cryptception  @Zihad44   \ud83d\ude80 #NFTGiveaway \ud83d\ude80  $ENJ #Enjin #Airdrop #giveaway #NFT #NFTs #freeNFT #NFTgiveaway #NFTcollectible #GrumpyFaces #NFTClub #NFTdrop"}],"tweet ids":[{"tweet id":"594865ae4e5cdb1ca8af9742f742b362"}]}
{"twitter user id":"77fa8549a5dc98f3c259db070ce49251","texts":[{"text":"Social Activity Coin of the Day - #Anchor Protocol   $ANC    February 14, 2022  \ud83e\udd14\ud83e\uddd0\ud83d\udcaa\ud83d\udc4f\ud83d\udc33  Exchange that pays!\ud83d\udc49 https:\/\/t.co\/ixBuCYWBKH   #Bitcoin #Ethereum #Cardano #Binance #Defi #Avian #Gala #Stacks   #Polkadot #Dogecoin #Raptoreum #Polygon #Zcash #Solana #token #NFTs #shibainu https:\/\/t.co\/ZerSzFXoy1"}],"tweet ids":[{"tweet id":"2d5bc91ba5cde10232fd2d4a8952a70d"}]}
{"twitter user id":"78e2e653905833ea7625e417cc8e29d8","texts":[{"text":"$ATLAS  Long term investment for me, have ridden this all of the way down. Not worried at all.  Consolidating in a small bull flag against descending resistance, usually leads to expansion through on volume. Watching this closely, may add to position if it happens. https:\/\/t.co\/HGfEZUNe8L"}],"tweet ids":[{"tweet id":"5de6b3d9b21659784c3e262536f40593"}]}
{"twitter user id":"7bf0eeae57995d3364f9d3e37d597b26","texts":[{"text":"Goddamn I haven't had Monday feel this good  since well.... since  the god forsaken year of 2021. 2022 proving to be to be a great year! For you too!     And of course for legacy ethereum chain $ETC.     #ClassicIsComing whether you care or not. I don't think Satoshi did either. https:\/\/t.co\/wNZLNDMzEQ"}],"tweet ids":[{"tweet id":"d0d3871ee62c8193a2dac7569bae7c08"}]}
{"twitter user id":"7c25a3afdd23f670751c7fb14e9605dc","texts":[{"text":"@JayHao_OKX @elonmusk And the future of cryptocurrency is $MINA :)"}],"tweet ids":[{"tweet id":"1f2e3cd4ae444f6468b3a2f74196f820"}]}
{"twitter user id":"7c8efa79bb480814b57c7fbfbb6345e3","texts":[{"text":"$RAY bounce or die https:\/\/t.co\/Nwtb96q0XW"}],"tweet ids":[{"tweet id":"7e6b9b87adfef1abb742bbbe81e57fd4"}]}
{"twitter user id":"7c908ad9b8c14d25df5ff5e8413f03b4","texts":[{"text":"Me, waiting the $JOE pump  @0xwildinvestor @tezukaTez https:\/\/t.co\/qSZgzhQgLA"}],"tweet ids":[{"tweet id":"cb03ec70f465ce5360dc296f0f49f2a6"}]}
{"twitter user id":"7cb236ad0731aff08d52aff51905c885","texts":[{"text":"@TheSandboxGame @binance I just participated in the daily #SandboxAlphaS2Contest for a chance to earn up to 1,000 $SAND! Starting March 20 - Show us your favorite Zodiac character. Check out my screenshot below! \ud83d\udc47 #SandboxAlphaS2 https:\/\/t.co\/jobbhDRu75"}],"tweet ids":[{"tweet id":"9c131b466073e5e5153d4fd1912f18a8"}]}
{"twitter user id":"7cf96049000003939338525bd4e73bae","texts":[{"text":"$KEEP PLAY IN MY TG: +50% PROFIT https:\/\/t.co\/VPgfYB5kQr https:\/\/t.co\/rgZLQLIFv6"}],"tweet ids":[{"tweet id":"39e4f9d900693d87d3d57201caf1753b"}]}
{"twitter user id":"7d13afff7b88c7edd050cdfbd1addb6c","texts":[{"text":"@MrZackMorris Me and Zack pumping $SYN together https:\/\/t.co\/Uz5WMCDav2"}],"tweet ids":[{"tweet id":"4b173b14404779b0f49489882fc12e4b"}]}
{"twitter user id":"7e5a9fcb6f938edc5882b1fca99937cd","texts":[{"text":"@CryptoZide damn $FTT moving places"}],"tweet ids":[{"tweet id":"58b2f4e109a35a9b80300fe0f2b54d99"}]}
{"twitter user id":"7ebed5222371a80bbf637b903fc6ebd0","texts":[{"text":"Crown  There is only one edition left 20 $XTZ https:\/\/t.co\/0CZsSIXuDy  #nft #nftphotography #Monochrome  #nftart #tezos #tezosart #CleanNFT https:\/\/t.co\/f9By3ovctG"}],"tweet ids":[{"tweet id":"a1979a7962f539cc264c9c370454e5b9"}]}
{"twitter user id":"7f409883c36c9b3a3d699952075ee400","texts":[{"text":"$OHM Real price will come out soon; Follow price targets.,           \u2705\u2705 https:\/\/t.co\/2fah1P8o20"}],"tweet ids":[{"tweet id":"315a2a089ac362d27486898112bd3179"}]}
{"twitter user id":"810edc9512f1cf138f80c97f11263b65","texts":[{"text":"@NunDaoSol Great project right here @KayodeAkinlade2 @OlasojiAyomide4 @comedianjossyb #Solana #SolanaAirdrop #NunDao $SOL #Solana #Airdrop"}],"tweet ids":[{"tweet id":"798cce7877eb1b4ab336403e44d31035"}]}
{"twitter user id":"83aa4d49beffae1686ec9a90d2338f52","texts":[{"text":"Farmer Frank is an interesting entrant to the $JOE wars, with a novel bonding mechanism.  I'm doing a deep dive into their documentation now and will be following their progress.  #veJOE  #AVAX  #Avalanche  #DeFi https:\/\/t.co\/LBUP64c7jk"}],"tweet ids":[{"tweet id":"e2f1367bea954a2dd1dd8e2f5d2b6b08"}]}
{"twitter user id":"83bed0494139df991bdb664fffe573e7","texts":[{"text":"@Dr_Kojipup @AtlasCloud__ Hell yes, precious $ATLAS tokens..... @adlam_craig  @realLisaDaly"}],"tweet ids":[{"tweet id":"02d17db9aab08103e120ea15e1e80b56"}]}
{"twitter user id":"8467f7a7cb9566777e44537dfb097e85","texts":[{"text":"What a year full of challenges, achievements, and growth. Discover the highlights of 2021 in our comprehensive \u2013 but never exhaustive \u2013 IOG review of the year \ud83c\udf1f   #Cardano $ADA  https:\/\/t.co\/NKp0RMZ7E1"}],"tweet ids":[{"tweet id":"e57aff2e405e4bb89dff6233ee401944"}]}
{"twitter user id":"848cbff36ede447e047c1b86f4b907e8","texts":[{"text":"The #Dogecoin devs are working extremely hard focusing specifically on making $DOGE the best currency on earth"}],"tweet ids":[{"tweet id":"f603c10f9e958412c3f0beaa849fe682"}]}
{"twitter user id":"84fd1aab681fbdbba71cb2bea89547e8","texts":[{"text":"Let's go!!! Finally got my new card. \ud83d\udc8e\ud83d\udc8e @cryptocom \"Icy White\" Private member! #Crypto #CryptoCard #CRO $CRO https:\/\/t.co\/SiDB4udIZR"}],"tweet ids":[{"tweet id":"b0e57aec21f5b1940913db8516273e4c"}]}
{"twitter user id":"85d6ca0702c046c35366d073f0af43ec","texts":[{"text":"$AXS finally entering the FTA ( = First Trouble Area ) and MFI in 8h chart finally entering overbought as well  that was a beautiful pump after a long time https:\/\/t.co\/2hzj26wGEa"}],"tweet ids":[{"tweet id":"7d2b61d25dfd01f41d9de42457822c89"}]}
{"twitter user id":"863b1c4d2f23bef7ff3b61b6aceb4396","texts":[{"text":"#Faraland #FARA #VietnamBlockchainExpoverse #BSC #NFT #GameFi #Metaverse #BinanceBlockchainWeek #BNBchain I don't know if you hold any $FARA but you should deff get it! #faraland always good to have in your Portfolio https:\/\/t.co\/3WF5PGIRfe https:\/\/t.co\/hHgPA3kDO2"}],"tweet ids":[{"tweet id":"0c256ef21857137f1f63819c7b636109"}]}
{"twitter user id":"86abab6788162a1f533ac412d2759b32","texts":[{"text":"MetaCelo NFT Game - Adventure to the New Metaverse    https:\/\/t.co\/vX6GdV4425    #MetaCelo $CELO"}],"tweet ids":[{"tweet id":"8366428231564ea0fa5377e70cd94887"}]}
{"twitter user id":"87247042f7279b217062167feec397d2","texts":[{"text":"EOS 1-day Bullish Sentiment is down -15.74% to 1,665 with price up 11.2% to $5.18   https:\/\/t.co\/nPFsanYHke $EOS #EOS #LunarShare #LunarCrush"}],"tweet ids":[{"tweet id":"0ce398cd5862766455985862bd57977c"}]}
{"twitter user id":"8799e25402cba051217548a900acf646","texts":[{"text":"Take a look at\ud83d\udc40the key Weekly updates\ud83d\udcddby @BalancerLabs   \u25aa\ufe0fHighlights\ud83d\udc47 \ud83d\udca5Balancer Labs and the @balancer DAO shared a 2022 roadmap \ud83d\udca5New grants were allocated \ud83d\udca5A proposal is presented to partner with Polygon DOA  In Detail\u2b07\ufe0f https:\/\/t.co\/05on4z6eDf $BAL https:\/\/t.co\/VQwgI7GQKF"}],"tweet ids":[{"tweet id":"808309a4e2e4f0adcfb03c29e162748d"}]}
{"twitter user id":"89003fd77040170f78fd858cd43b8b7e","texts":[{"text":"Crypto of the day: FTX Token $FTT is the native cryptocurrency token of the crypto derivatives trading platform FTX. FTX claims that it stands out due to such features as clawback prevention, a centralized collateral pool and universal stablecoin settlement. #cryptocurrency #FTX https:\/\/t.co\/GrbPkYrlyk"}],"tweet ids":[{"tweet id":"b98ec437afb5cafdeea6175256fbf294"}]}
{"twitter user id":"8923fca78bfbed8cb81c2de87a6be4a6","texts":[{"text":"Is $AVAX ever going to slow down \ud83d\udd3a\ud83d\udd3b https:\/\/t.co\/iavsZV6NFW"}],"tweet ids":[{"tweet id":"b8a0d18b1f3763d5f20784d28a138193"}]}
{"twitter user id":"893eb2593748204771021eee24140f6c","texts":[{"text":"$PERP *Hey guys,, I've made $55K with them in a week,, by their alerts ,.. https:\/\/t.co\/Lxp4S3mTN6"}],"tweet ids":[{"tweet id":"07adac1853e3c7dbddcb80f539874147"}]}
{"twitter user id":"8a274a3372e4011ed8f315f3370f3a69","texts":[{"text":"CHECK OUT THIS THREAD to see announcements made so far regarding @Theta_Network ecosystem since the beginning of February $THETA #THETA \ud83d\udc40 https:\/\/t.co\/OvMtkF5dwP"}],"tweet ids":[{"tweet id":"23ca01973270517803dffb1c38dd6163"}]}
{"twitter user id":"8a363b70a52a40b9e2ba0432cb0d9321","texts":[{"text":"Full thanks to @Tradecrypto11  as they have analysed this #Crypto crash so my funds doesn't affected and I have not faced any type of losses  They are absolutely amazing in tips,advices and everything.  $BNB #BSC #BTC #Solana #NFTvv"}],"tweet ids":[{"tweet id":"1abe16c0894ec22770072a3d7e695121"}]}
{"twitter user id":"8b81f686abae5abde120d59dc4083b35","texts":[{"text":"I got my $EOS bag waiting for a while now: send it! \ud83d\ude80 https:\/\/t.co\/FTFAF06ym0"}],"tweet ids":[{"tweet id":"f4edf65900a9efec425707cbb8f7e406"}]}
{"twitter user id":"8bc65a8317726cbf194c0e65b35ba5f8","texts":[{"text":"DAY 519 . #BETA\u200b 8.00 . ** THE DAILY BETA ** .   November 15 2021     A NEW FORM   OF MUSIC     #MUSIC FOR #CATTOKENS .     ADDED - #THEDAILYBETA 519   ANFOM - #ANFOM \u200b  STATUS - ONLINE https:\/\/t.co\/kUH5lujFNF  #EDWARDLOOSE #SUPERGIRL #PROFITABLETICKETS #BANGKOK2025  #CHIANETWORK $XCH https:\/\/t.co\/8Uhoaay38d"}],"tweet ids":[{"tweet id":"261b32902438eba0541c2b1278f683c5"}]}
{"twitter user id":"8df500a70ce72fb7bfe70cbe1d771c91","texts":[{"text":"Maybe one day i'll stop guesstimating when the markets get smarter but im longing around 178-180 15-30x leverage. $Aave #Aave https:\/\/t.co\/m5pEBfSM2P"}],"tweet ids":[{"tweet id":"cd93e39679d82b7cd66c952caf8bfbac"}]}
{"twitter user id":"8ec902977ece7d96ce3765531781237a","texts":[{"text":"$ROSE buying any and all major \/ minor \/ interim \/ mega dips and dumps https:\/\/t.co\/nh080SGPg5"}],"tweet ids":[{"tweet id":"d0ef70e32ac5540fc2f468da954e3d49"}]}
{"twitter user id":"8f4c076ab91cc922430f7be5c9c1acb9","texts":[{"text":"We are giving away 20 #BNB -&gt;&gt;&gt; 20 Winners     To Win :  1\ufe0f\u20e3 Follow  2\ufe0f\u20e3 Like+Retweet  3\ufe0f\u20e3 Fill in your $BNB address"}],"tweet ids":[{"tweet id":"f0ca64d055f840558d96c1bd2c288fd8"}]}
{"twitter user id":"904d27d6ba6037da2ac01e289715cee4","texts":[{"text":"@IncomeSharks You mean $SYN @SynapseProtocol"}],"tweet ids":[{"tweet id":"3c9a2f19480160212b481484b0ed27b8"}]}
{"twitter user id":"90f31337ba1ec973a520c492897025ec","texts":[{"text":"@dltk @satsdart @traderjoe_xyz I never turned on @traderjoe_xyz, I use their product daily, and am also heavily invested into $JOE.  But I also like (liked, don't know yet) Dani's projects ...     I guess I'll wipe my tears, and grab a bag of popcorn beca"}],"tweet ids":[{"tweet id":"9404fff0eca5459a27875f69dd1f60e6"}]}
{"twitter user id":"918d705a47bc87f17a697a75456751c2","texts":[{"text":"@MatijaR0 @The_CryptoDad @YouTube Hi, $BNB is supported by Trezor! You can receive the ERC20 token version of BNB into your Trezor Model One ETH account\ud83d\udd12  https:\/\/t.co\/IQHTQPnXDs"}],"tweet ids":[{"tweet id":"d45e3de612ef61a77e45ab0dccb60001"}]}
{"twitter user id":"91a4b7ea21cb73d5cfeb75aa8d64412f","texts":[{"text":"Hey @elonmusk Who else is a real fan of $DOGE?    Here\u2019s a full stainless steel #Dogecoin wallet to match the style of the #Cybertruck! https:\/\/t.co\/CCL9825XbT"}],"tweet ids":[{"tweet id":"32ae680191d1e3713b7b26e6104a35e8"}]}
{"twitter user id":"9343b48eb4bb32337af320cff5ecf540","texts":[{"text":"Full thanks to @Tradecrypto11 as they have analysed this #Crypto crash so my funds doesn't affected and I have not faced any type of losses  They are absolutely amazing in tips,advices and everything.  $FIL #BSC #TRX #XRP #NFT\ud83d\ude18"}],"tweet ids":[{"tweet id":"16c6571c028e77761198aabf09ea737a"}]}
{"twitter user id":"935bf4b6bdef363be6075e97e28fa95c","texts":[{"text":"Can\u2019t wait to get my early access to Dappio Wonderland; Down the rabbit hole! @Dappio_\ud83d\udc30 https:\/\/t.co\/8YX6JyVEwD  $SOL #Solana #Solszn #FTX   very good project  !!! gogo gogogogo to the  mooooon @whddnffj @Jyoon94 @Dongjun12752451"}],"tweet ids":[{"tweet id":"671426f6ffaf26e087b8e1766787fdb1"}]}
{"twitter user id":"93dd6a24c33a1531f36a83b9ff7e226b","texts":[{"text":"@DODOCN Such a beautiful project and congratulations to the whole team and highly Appreciated the visionary thought of the project and best wishes for the future.  @Safari10751637  @Hameed_MaTTTi @Ayaan38835861   #giveaway #Airdrop $DODO"}],"tweet ids":[{"tweet id":"8456ed6388d8120814011986438e40fa"}]}
{"twitter user id":"94a8683c544fe1d97c5a0e757e239f53","texts":[{"text":"@DODOCN Great project really hoping to get whitelisted on this huge project.Optimistic about the future of the project.  @yogaswara_sandy @booorinn @ilmys2708    $DODO #Moonriver #DODO"}],"tweet ids":[{"tweet id":"f9f25057451abe51d82ca7675ba2fbfe"}]}
{"twitter user id":"95e1884e0204c5e0533bef528534da5e","texts":[{"text":"$RAY   I'm part of a server where top traders actually get paid based on results. Members gets winning alerts. Everyone wins. https:\/\/t.co\/4UlI9SKENl https:\/\/t.co\/Ql72RBfF0H"}],"tweet ids":[{"tweet id":"7bf2cb1e370a5dc4672007c0cd76c178"}]}
{"twitter user id":"96351d2779d69b15ea2e60a596466331","texts":[{"text":"Why do I feel like $SYN might win the race \ud83d\ude02 https:\/\/t.co\/3F5f3hZ4SH"}],"tweet ids":[{"tweet id":"4efc5ca3570427f954fc72bd7060cbe5"}]}
{"twitter user id":"96a509adfce67b8ea84fe6f43e4a31aa","texts":[{"text":"@bigshortbets @rafal_zaorski @stablekwon @evilscorpionDAO will devour your #Bitcoin, your money, and your dreams. Our teams of super coders are acting as we speak. We will sting your pierogi with our venomous segmented tail. $LUNA is the one true asset. h"}],"tweet ids":[{"tweet id":"12f848a25d08dfdff7aabe87a5d36658"}]}
{"twitter user id":"96f9c27af6117589a2112c4917b9eedc","texts":[{"text":"@inmortalcrypto The only issue with Cardano and $ADA are the short-sighted lemmings that regurgitate the FUD and jump ship."}],"tweet ids":[{"tweet id":"7e8a14f10415c2e1581d9f037e94c1f3"}]}
{"twitter user id":"97f988377e08843c80fe243c85b5d905","texts":[{"text":"$HNS proud possession #5. My acquired names that are potential and powerful names.  https:\/\/t.co\/XfKixYJKIt #HNS #Handshake #domains #dweb #NFTs #web3 #Metaverse"}],"tweet ids":[{"tweet id":"ba4d39198c0cd5f44e562b00c521b6a9"}]}
{"twitter user id":"97feda9a851b19b7a9e6e86768916734","texts":[{"text":"growing economies with weekly $RLY rewards. This means that all holders of a creator coin can literally get paid just for supporting their favorite creators. 6. NFTs are just one part of a whole, give it a year a people will see why creator coins can be even bigger than NFTs."}],"tweet ids":[{"tweet id":"a50f1d55cccb835ca03a44d0dfb3d537"}]}
{"twitter user id":"9820831af1cf43c8b92a5cdfb8811412","texts":[{"text":"@TheSandboxGame I just participated in the daily #SandboxAlphaS2Contest for a chance to earn up to 1,000 $SAND! Starting March 8 - Find Michonne &amp; her zombies. Check out my screenshot below! \ud83d\udc47 #SandboxAlphaS2 https:\/\/t.co\/2LSkNxyusN"}],"tweet ids":[{"tweet id":"d63e6b55248ca006425ba821b6911fed"}]}
{"twitter user id":"9866535537a4766f83b53f5d9d167e89","texts":[{"text":"Meanwhile, our $SNX trade keeps rocking and doesn't care about all the bears. https:\/\/t.co\/4fsYoyE831"}],"tweet ids":[{"tweet id":"3f64d7a6168337d07c3c9e71b678a66c"}]}
{"twitter user id":"987984ceb7c9d01a6c9d14e28f4a38f4","texts":[{"text":"\ud83d\udd25 Faraland PvP update version is ready! \ud83c\udf89    @faraland_io  #metaverse #Faraland #PvP $FARA https:\/\/t.co\/AF9IUTLloo"}],"tweet ids":[{"tweet id":"81a0cb7c1473f422f41a167f0e079d05"}]}
{"twitter user id":"99078a6d8df3e96f6a3ba5110f454903","texts":[{"text":"So, how does the $ANC token capture value from this?   The answer is protocol fees and governance fees."}],"tweet ids":[{"tweet id":"1ee72fced11191582d9997f0aba2a501"}]}
{"twitter user id":"996da9a17fb71b37b2f20d741fa8e099","texts":[{"text":"Guys join the most popular #Cronos call channel on Telegram! \u2764\ufe0f  They don\u00b4t call everything. The team do a lot of research. And their calls often bring a lot of profits!  \ud83c\udf81 #GIVEAWAY of 50 $CRO:  - Join : https:\/\/t.co\/EkyMvS4YLq - RT and Follow"}],"tweet ids":[{"tweet id":"4c341d4a814dbb45e60e5fd30af16e02"}]}
{"twitter user id":"9a9a40e3bfd6d2484535a7ed2a5ca084","texts":[{"text":"@DrCle4n @mirror_protocol Me and my 70 $MIR will be ready and waiting to vote. https:\/\/t.co\/qa7zK5T31Q"}],"tweet ids":[{"tweet id":"51fd8d44f8d1855dc6fb02dfc2428ff0"}]}
{"twitter user id":"9c5062eeff700ce352c41da6f94670d4","texts":[{"text":"back in w\/ a tighter SL; laddering into the box  still somewhat iffy, so half size   $DOT https:\/\/t.co\/siGpfAoirs"}],"tweet ids":[{"tweet id":"5c11cb86dc3da68d3827366b26537aae"}]}
{"twitter user id":"9e1f92600eb1568adb287bc88cb615b0","texts":[{"text":"@stellaachenbach @Bancor Need to start stacking some $BNT first \ud83d\ude01. But B3 release will be close to permissionless...\ud83e\udd14 can maybe do this live in Florida with good company and some beers to celebrate? \ud83c\udf7b"}],"tweet ids":[{"tweet id":"54d29f82ee7a007a84b30c4ed34eec25"}]}
{"twitter user id":"9e6040a316dd3fa0e57e655b4536f44c","texts":[{"text":"Binance Chain and #BSC has been renamed to BNB Chain on Feb 15th. The name change was announced by @binance as the evolution of #BSC. $BNB Chain will embrace large-scale applications, including #GameFi, #SocialFi and the #Metaverse. #CryptoIA    Read More: https:\/\/t.co\/swim7xHrWy"}],"tweet ids":[{"tweet id":"69f2764257f59663f2baee314ad1dcf4"}]}
{"twitter user id":"9e6c7562103c287dafc52d83b48bd422","texts":[{"text":"City of Legends is a helium-based metaverse game, tribute to the spirit of helium miners \ud83d\udd25    COL Community Giveaways:    1 - HNT Airdrop   500 $HNT, worth $15,000 \ud83d\ude40  https:\/\/t.co\/E9iEmA6Mtz    2 - 1000 NFT Mint Whitelist \ud83d\ude40  https:\/\/t.co\/hEBNO45BR3    Deadline: Feb 28th, PARTICIPATE NOW~ https:\/\/t.co\/KbyLEPHaeb"}],"tweet ids":[{"tweet id":"ebb90fbda7d5cea09913a9703dbd3bb2"}]}
{"twitter user id":"9e8954790302e145111c49bf0e2fb390","texts":[{"text":"$BAL \u2705  Increased 3.56% in 7.9 hour(s) \ud83d\udcb5 Price - 12.70000000 USDT \u23f1\ufe0f [23 Mar] - 22:36:19 UTC #BAL #BALUSDT #CryptoBOT"}],"tweet ids":[{"tweet id":"080662b3e96229aecb84b1fe451c31f3"}]}
{"twitter user id":"9fd7d5a0254e269c186eff366ce8cf7d","texts":[{"text":"\ud83d\ude80Axieinfinity Token Airdrop\ud83c\udf97    \ud83d\udd30Join the Axieinfinity Token Before Launch and Earn 10 Binance Global Token    \ud83d\uddd2Token: Axieinfinity Token $AXS   \ud83c\udf0eStart Earning Now \ud83d\udc47: https:\/\/t.co\/9NRvKZYqyL  #DYOR #Airdrop #Airdrops #Cryptos #NFTs #BabyDogeCoin #BTC #NFT #BNB #Airdrop_Exp"}],"tweet ids":[{"tweet id":"bccbb0a3da99378082da7fe0e8887b50"}]}
{"twitter user id":"a03cc8de36ce41bb3ff6f484234da561","texts":[{"text":"@HiBlockTalks @FaraStarter I understand that FaraStarter is an offshoot of FaraLand and they even use the $FARA token. So, can you explain if both the team behind FaraLand is the same team that manages FaraStarter? If so, can you give details of the chall"}],"tweet ids":[{"tweet id":"04e73c7f844c1caa33d7209fa2ea3000"}]}
{"twitter user id":"a0587b20c5b4ec9daef04eee3bdc7c74","texts":[{"text":"$HNT *Hey guys,, I've made $55K with them in a week,, by their alerts ,. https:\/\/t.co\/NAcAgXCwED"}],"tweet ids":[{"tweet id":"b3588da0854670a98e1b835e8f0363f5"}]}
{"twitter user id":"a0a550337092cfaa274f818c2e10c16b","texts":[{"text":"Great news! $CELO is listed on @LBank_Exchange today.    \ud83d\udc49 https:\/\/t.co\/xXrDwn0ldJ https:\/\/t.co\/LDRur8keOM"}],"tweet ids":[{"tweet id":"b86bcd2bbeca2c30d3cfea9f0ebf15f3"}]}
{"twitter user id":"a0d45a8605e1074e19962887fdb08f1b","texts":[{"text":" @JaTwittak @triaslab Look at $BNT with strong protocol and successfully team behind it, lack of performance price wise is related to continuously inflated supply to provide rewards to D370."}],"tweet ids":[{"tweet id":"7824a5ccfd741111395eddfc1e1c15b0"}]}
{"twitter user id":"a104a262e9a2b1a5bb629b03b85a6832","texts":[{"text":"$CRV Profitable Crypto Alerts Chatroom, I've made $30k in a week. Lot of thanks to this chatroom,,   https:\/\/t.co\/urgXPOCGkj"}],"tweet ids":[{"tweet id":"9df8d00ab037eb6e3a9ea9c1f7d20724"}]}
{"twitter user id":"a2ca4ddfa93ecc29b15f8ae6d0305bf9","texts":[{"text":"$DOGE did yoy hear what I just said a Tesla for 10k. \u2764"}],"tweet ids":[{"tweet id":"854f0ba641275e97f3c0ea248f44128d"}]}
{"twitter user id":"a3555afb27f4b285b7f6b02f9ee02a30","texts":[{"text":"We are pleased to announce that our Block Bounty program is going strong, with over 1.0 XCH awarded already this week, and continues on until the end of the year! Additionally we've enabled email notifications to alert on missing partials!  #CHIA $XCH  https:\/\/t.co\/qYW31b5TNM"}],"tweet ids":[{"tweet id":"ba241403dc75f2b9470b8b312c33d651"}]}
{"twitter user id":"a40947696f2ec7e56c2d2c82dd4f4bc8","texts":[{"text":"$SUSHI Real price will come out soon,  For a limited time, we are opening our trading chatroom to the public. Come learn and make huge profits with us,.,,., https:\/\/t.co\/V4XuDDIVzE"}],"tweet ids":[{"tweet id":"82ac28ab1a28f039dc5ec3e276e312e9"}]}
{"twitter user id":"a57133aa981f161a05f209c5d6389aa7","texts":[{"text":"Back in $FTM short, shitcoin looks like it's losing 2 dollars and #btc has a massive FVG https:\/\/t.co\/He2225wzIy"}],"tweet ids":[{"tweet id":"23c0da79e8dd12a6da2a0bc6a8c7e26b"}]}
{"twitter user id":"a5bbf322b7587b3d47ba86d69a38bb21","texts":[{"text":" @TheSandboxGame  I just participated in the daily D878 for a chance to earn up to 1,000 $SAND! Day 1 - Selfie with the S2 Alpha Pass. Check out my screenshot below! \ud83d\udc47 #SandboxAlphaS2 https:\/\/t.co\/L6ml7O5Ygq"}],"tweet ids":[{"tweet id":"f6694f402c1540d1d60b710e0fa7b581"}]}
{"twitter user id":"a73573cf0da22449c441249683c1fc98","texts":[{"text":"$MANA is up more than 17% in the last 24 hours and more than 40% in the last week"}],"tweet ids":[{"tweet id":"7463735326296b934f53e67ec2624604"}]}
{"twitter user id":"a82481bf342647c502f4ae16c191d0b1","texts":[{"text":"1 person who retweets and follows me with notifications \ud83d\udd14 will win a @AzukiZen NFT worth 7.6 $ETH ($20,000) https:\/\/t.co\/JRE7D4WxLG"}],"tweet ids":[{"tweet id":"03954fa429add21da4b81496fb643650"}]}
{"twitter user id":"a92a1c6661faf99df25a8015acec4543","texts":[{"text":"ICYMI: Last call. Supply drops next week for $FIL - \ud83d\ude80 time... https:\/\/t.co\/UewwD2wupp"}],"tweet ids":[{"tweet id":"127fbd29f49effce9a6dbfbee096608b"}]}
{"twitter user id":"aabbca5bd8c7b36a921b2bfe0bccf9cf","texts":[{"text":"#Chia $XCH with a giant leap introducing the building blocks for fully de-centralized P2P exchanges.    Imagine the future. Integrating browser-wallets, no centralized logins, no middleman-fees. Endless possibilities.     Dont sleep on this one friends.    #crypto #DeFi #future https:\/\/t.co\/1D6AM92iQa https:\/\/t.co\/UaVSGbR1D6"}],"tweet ids":[{"tweet id":"4da4f9973386cf12888d6e1e7e04134a"}]}
{"twitter user id":"ab0c6e774bcac5deeb40f0086340fb79","texts":[{"text":"#Orchid has reached for the clouds over the past week. $OXT #Coinbase @Trading_Tech https:\/\/t.co\/eJ1M8vGv5n"}],"tweet ids":[{"tweet id":"b12702ad5249ffb187bfcab67f1ac9ed"}]}
{"twitter user id":"ade523c132b30875821350541612a9bc","texts":[{"text":"$FTT $FTTUSDT #FTXTOKEN @FarmaTrust - Daily: The basic trend is slightly bearish and the short term is tentatively bullish. With such a pattern, it is difficult to favour buying or selling.  The... https:\/\/t.co\/9sGyHHFz6f"}],"tweet ids":[{"tweet id":"65aec81e0573bffd2ae176996eaca3a7"}]}
{"twitter user id":"aeb369ff4aee1fdef0fcfa8e54d59a96","texts":[{"text":"In Helium's case, crypto was the incentive that worked. Allowing people to mine $HNT by providing wireless coverage solved the cold-start problem, because jumping in early meant getting the most tokens, even if the network wasn't fully functional yet."}],"tweet ids":[{"tweet id":"edcf33928825fa8b17bfba1e8ac9be29"}]}
{"twitter user id":"aec06c658402b576515c5f66ca89d137","texts":[{"text":"$YFI Real price come out soon;. Hit the target price https:\/\/t.co\/mueuT8yrs1"}],"tweet ids":[{"tweet id":"1b27ed53c0ddfd2f773fced7d46c4341"}]}
{"twitter user id":"aed57f8a1018c1d1cb9872d389d703aa","texts":[{"text":"( $IMX begins getting naked shorted ) https:\/\/t.co\/yHCLINmJuX"}],"tweet ids":[{"tweet id":"688fdb6588b905d34fd5a7b0b6856ebc"}]}
{"twitter user id":"aedef5422889599b2f6ece723781a5bc","texts":[{"text":"@showmethebit $ANC,$STX"}],"tweet ids":[{"tweet id":"4457fa65d0f2044211417092d41b8d37"}]}
{"twitter user id":"af751c2054ce054c54b8d51470625fe4","texts":[{"text":"Join @Bancor one of the most decentralized protocol on blockchain in this season of love as they announce  DEXloverz NFT!    Built on @0xPolygon &amp; designed by @DIGITALAX_     Participate below for a chance to win one of the 1500 unique NFT.    $BNT #NFTs https:\/\/t.co\/Dgs3titPFU"}],"tweet ids":[{"tweet id":"7dbcd55313d12b0cac47b712846a6f46"}]}
{"twitter user id":"afc8cc2d959938ca28524d84381a3511","texts":[{"text":"Just got my first @flexpool_io win farming ~160TB of @Chia_Project plots with them.   That .25 $XCH bump pre-pool distribution is another nice perk of this blockchain!"}],"tweet ids":[{"tweet id":"3e1aa98c0dce3b1af8ea2c98a5daf8fd"}]}
{"twitter user id":"b04381f365340d8e3ea7739aca58362d","texts":[{"text":"@Tetranode Dump $SPELL then?"}],"tweet ids":[{"tweet id":"188b0f9c10316fab63f3d61ec97aab87"}]}
{"twitter user id":"b07ae643d6cdaf25889db9486b438b1a","texts":[{"text":"@TheCryptoLark $RLY because web3"}],"tweet ids":[{"tweet id":"b746d5b601a408238958edbbc28b7b4e"}]}
{"twitter user id":"b3924eeb3a2c3e236399651ee213b57a","texts":[{"text":"\ud83d\udd25New Listing on #Huobi!    \ud83d\udc4f $CELO @CeloOrg    Deposits open   Trading starts soon\ud83d\udc47"}],"tweet ids":[{"tweet id":"4237806490de33514c0170a85ef4ba50"}]}
{"twitter user id":"b417c298df42604959fbdb3b8dbab01e","texts":[{"text":"The sea of Ancient \ud83d\udc40     @illuviumio #illuvium $ILV  #NFT #Gaming #P2E #CryptoGaming #PlayToEarn #Play2Earn #NFTs https:\/\/t.co\/LZWzf58tMd"}],"tweet ids":[{"tweet id":"0ac4b068c972ac14016ad06bb58f81ff"}]}
{"twitter user id":"b494a8d146f0dee25894cc3504d774d8","texts":[{"text":"To those who accept $DOGE https:\/\/t.co\/RxEvfiqdTl"}],"tweet ids":[{"tweet id":"769874e80b51f9f453b600ce87b46fab"}]}
{"twitter user id":"b4b10198b0707daeabc3708fef331286","texts":[{"text":"Decentralized + PoW + BASE-LAYER internet naming service = Censorhip-proof internet.    $HNS = WEB3  #HNSisWEB3 https:\/\/t.co\/JrExhhSO1p"}],"tweet ids":[{"tweet id":"e5cd2f9bc49664a9bea168ee24b36ac6"}]}
{"twitter user id":"b5e81ebe7bcb8dbdde7ae5fd2fb2a722","texts":[{"text":"1 hour countdown -  $MATIC #ILO is about to begin soon now on StellaSwap \ud83d\ude80 Get Ready!  Make sure you bookmark the ILO Page: https:\/\/t.co\/ZaOsEuh9w9  #Polygon #Moonbeam #ILO https:\/\/t.co\/kS797QdD4u"}],"tweet ids":[{"tweet id":"80e143e0af1a7fc66c65207dd0d0a1c9"}]}
{"twitter user id":"b6267145cfef012612e28b04013c78d5","texts":[{"text":"@cz_binance Please consider Chia network $XCH"}],"tweet ids":[{"tweet id":"ed8a6b7a8c210d28c00bb2d8019ddcd0"}]}
{"twitter user id":"b6bd4a764d39bfc5f7e209f2e5e8137e","texts":[{"text":"The current price of #Cardano is:  $1.432879 (6.356% in the past 24 hours) \u00a31.068992 (5.866% in the past 24 hours) \u20ac1.264715 (5.599% in the past 24 hours)  $ADA"}],"tweet ids":[{"tweet id":"045be6fe023134c8e9747386b07e30e7"}]}
{"twitter user id":"b9a9b4395ea679ecf401b23fec7ee33a","texts":[{"text":"Yes yes.    The price action of $FARA token is still trashy. Not gonna lie there.    I just love their new update.     The sound effects, battle animations and new maps made it more AWESOME.    Kudos to the team - @KelvFara @uyenltt1508 @AlfredMKL \ud83d\udc4f     #BSC #Gaming #GameFi #PlayToEarn"}],"tweet ids":[{"tweet id":"fd33dc3b1370919e351479d7cd9552a5"}]}
{"twitter user id":"bb26e9ce4fd6625ccc6b2dcca544bcb4","texts":[{"text":"\ud83e\udd73\ud83e\udd73 #CeloPunks are finally available! \ud83e\udd73\ud83e\udd73    The first and original #Punks to launch on the #Celo blockchain!    Mint yours now for 15 $CELO and earn 2% lifetime royalty on any sale of your minted #Celopunk!     #NFT #launch @CeloOrg #NFTshill #NFTGiveaway #NFTCommunity #nftsolana https:\/\/t.co\/tkIh7FjqSZ"}],"tweet ids":[{"tweet id":"eea6a1317410a9382b3ce433e440bfc1"}]}
{"twitter user id":"bc691ac8f1b00b1631d45d5a9f157600","texts":[{"text":"Who is still sleeping on this? $LOOKS https:\/\/t.co\/nWFbdd6KMc"}],"tweet ids":[{"tweet id":"1a22392d66f8327323e5352371d8eb2e"}]}
{"twitter user id":"bca559f6eca55832f1337023233bb452","texts":[{"text":"Longed $FIL"}],"tweet ids":[{"tweet id":"d8b78cd2cb88a315e86ab08be7c5346e"}]}
{"twitter user id":"bd22ef75c8f27d290d0541587fbab625","texts":[{"text":"Just got these as a Surprise Gift!  Thank you @ElephantNFTS  \ud83d\ude4f hopefully we will see you in the $HNS space soon.   It would be awesome to see some NFT projects get involved with Handshake. https:\/\/t.co\/dN4hzBT3Lf"}],"tweet ids":[{"tweet id":"82d4a490515387afe2fa29be61b96478"}]}
{"twitter user id":"bf998a50dab7601ea035348258cf5a5f","texts":[{"text":"Aave Core Team Launches Social Media Platform Lens Protocol  https:\/\/t.co\/utEz5xUicC  #AaveProtocol #Aave #SocialMedia #LensProtocol #SocialMediaPlatform $Aave #coinspeaker #crypto #cryptocurrency https:\/\/t.co\/1Cod6bjVvC"}],"tweet ids":[{"tweet id":"47d75712e5e6c2d95ab8ca0a1a660939"}]}
{"twitter user id":"c0af28a88df7db29ebc3c7d2c17a38f8","texts":[{"text":"@Mk2Trading Can you look $LRC ?"}],"tweet ids":[{"tweet id":"af180c383ed538bcd1b403542b1f5cf5"}]}
{"twitter user id":"c399ab4623001835b9e903c6b86b4c68","texts":[{"text":"news_of_bsc: \ud83d\udc49 @faraland_io reminds its community on the use cases of their native token. Check out the article below to know more about the utility that $FARA can bring.  #BSCNews #NFTs #PlayToEarn #Cryptocurrency #DeFi #BSC #BNB https:\/\/t.co\/YRwBPii41Y"}],"tweet ids":[{"tweet id":"2090dcb085855da982a593c5e9160fc0"}]}
{"twitter user id":"c5f609b96e56e9fd980d7b00193a5432","texts":[{"text":"To celebrate @Ethlas_Official hitting 32K Discord members,\ud83c\udfc6 BIG #GIVEAWAY for 55 $MATIC prize for 1 lucky winner and 3 WL!!!  To enter :  \u2705 Follow @Ethlas_Official  \u2705 Like, RT &amp; Tag 3 #NFT Friends \u2705 Must Join Discord : https:\/\/t.co\/pIvnfsjYT1 \ud83d\ude80  Ends in 48 hrs   #AD https:\/\/t.co\/Rd9hX1nxAd"}],"tweet ids":[{"tweet id":"bdd4481e5d66ffe0a8180a139c883081"}]}
{"twitter user id":"c64489c71dc0cd472fc407994b1fe636","texts":[{"text":"@DegenDefiYT @BenqiFinance @traderjoe_xyz @cryptofishx Nice vid! $JOE #AVAX"}],"tweet ids":[{"tweet id":"1bf215b56265dc877b071ea3ce9da6cc"}]}
{"twitter user id":"c8d8fdb3ef3549f63831e3a34a2648b5","texts":[{"text":"@FLS_News_1 @faraland_io Alright! Your upcoming features will absolutely a huge impact for this industry! $FARA to the moon \ud83d\ude80"}],"tweet ids":[{"tweet id":"310c0968b9af210339f30ac390924825"}]}
{"twitter user id":"c9049899306667a8a856cd52ffd44717","texts":[{"text":"Quite the sudden pump on $RAY. I had actually just placed some bids at $4.10 or so. Lucky me. https:\/\/t.co\/u3Q3cR5Ct7"}],"tweet ids":[{"tweet id":"249788101fe6480e0d995a605e378899"}]}
{"twitter user id":"c90615909ca9a38070822d79697cf166","texts":[{"text":"More unique #art #meme #NFTs for our future Bored Doge #NFT collection with 2D\/3D #Metaverse #GameFi Utility on #NEO #blockchain .  $NEO will be the first blockchain with a #doge #shiba multiplayer Metaverse #PlayToEarn  Game!  #MetaverseNFT https:\/\/t.co\/pd3ngSYK6h"}],"tweet ids":[{"tweet id":"597744b50dbaa848a71068b2d6c41eb5"}]}
{"twitter user id":"cc099cf0916d08890ca418c29a22cbab","texts":[{"text":"@btc_charlie Suing me for everything I have (10 $ADA)"}],"tweet ids":[{"tweet id":"ea5547d7292276e467eacacf393e2264"}]}
{"twitter user id":"cd21c78bf7235424c2b3afb603d6dead","texts":[{"text":"@ape280 OS sea is trash. $LOOKS is the solution"}],"tweet ids":[{"tweet id":"573ac346cc18e499725250aace2fee1b"}]}
{"twitter user id":"cd2e915184b7fb50dfd8940a6c31ff77","texts":[{"text":"&amp; allowed me to be whitelisted for this reward  The first Social Media Engagement Data NFT collection for the $ROSE Oasis Blockchain has been revealed, and this one is mine.  This artwork has been fully generated with Artificial Intelligence  I am ready for the future to pop off! https:\/\/t.co\/F6CsjPXQvs"}],"tweet ids":[{"tweet id":"c44bca172c7faab6abe0fd08a7383a07"}]}
{"twitter user id":"cf2bef2809212f5cb4b72fd730d10c9b","texts":[{"text":"$ALGO NFT alerts, crypto alerts. We've got both. Check us out today for a free 10 day trial. https:\/\/t.co\/AnMo7pDvX0"}],"tweet ids":[{"tweet id":"06e82d287a7e5e1b15b9f19d742491f8"}]}
{"twitter user id":"cf2dbd0492d7f66777c8a4ac37122422","texts":[{"text":"@TheCryptoLark $Aave is essentially a web3 bank!"}],"tweet ids":[{"tweet id":"0c3b27b17e4c7372d2c6d85cd195c5b2"}]}
{"twitter user id":"d0266ce2429205fef9b11c51dfe76ae4","texts":[{"text":"$BNT ~Find active market alerts here in this best  trading community. https:\/\/t.co\/Qc7kPAhjPB"}],"tweet ids":[{"tweet id":"28c4701cdfa81b006866626a1a647a23"}]}
{"twitter user id":"d0dd6ff339312da534897f45ea29bf93","texts":[{"text":"24 likes for one of the best looking charts when you want to fish near the bottom.....    Just did a textbook retest of the break out and bouncing with a nice reversal candle     $SNX https:\/\/t.co\/cn1iYXQQot"}],"tweet ids":[{"tweet id":"7317058c46eba20f10c8feb222ee111b"}]}
{"twitter user id":"d0ef9265c6f8328e38f086c0cedb1b8d","texts":[{"text":"@GreatLeekster $IMX WILL POWER THE NFT MARKETPLACE LEVEL 2 Eth"}],"tweet ids":[{"tweet id":"e3d68116c9d2fc5b8cc51aa3462be6ab"}]}
{"twitter user id":"d14e768ca25a76ac520b0ad321ba607e","texts":[{"text":"FREE #NFT GIVEAWAY!! \ud83c\udf89    Rt + Follow me + Drop $ETH Wallet!"}],"tweet ids":[{"tweet id":"d2c1239b4f614ae727f51b5cf43eba1e"}]}
{"twitter user id":"d1505aecf28322d277f1f77162378f21","texts":[{"text":"@Walt_Crypto @redactedcartel @Curvance Super bullish, but i think that the real value goes to the projects involved in the curve wars rather than to retails investing in $CRV token."}],"tweet ids":[{"tweet id":"61964ea3e9d9ff068540e3e16ced3591"}]}
{"twitter user id":"d19ee02e4ae81b20882adaf36e8ea37c","texts":[{"text":"Start Trading $TRX On Ascendex    Sign up now for 10% referral reward     https:\/\/t.co\/H0OV8sMnbP https:\/\/t.co\/BBcPJ7ESBa"}],"tweet ids":[{"tweet id":"0d0d4bd8189d1b568fd8a3b426debcb5"}]}
{"twitter user id":"d1d81f69c0c03074fe53fd7ab39611d1","texts":[{"text":"@TheSandboxGame I just participated in the daily #SandboxAlphaS2Contest for a chance to earn up to 1,000 $SAND! Starting March 19 - Gather the equipment. Check out my screenshot below! \ud83d\udc47 #SandboxAlphaS2 https:\/\/t.co\/BXrxt0mdSd"}],"tweet ids":[{"tweet id":"eb0e638c8acb6893f51c428a549688e7"}]}
{"twitter user id":"d2fda3bb0f7e37bb0eaa2f43465b6aab","texts":[{"text":"@crypto_bitlord7 Star Atlas, buy some NFT ships, buy the token $ATLAS it's like Star Citizen but with crypto and NFTs https:\/\/t.co\/N7B5m3oAmA"}],"tweet ids":[{"tweet id":"3aa9c4c679f0e9b46e0be8e5b11d0980"}]}
{"twitter user id":"d4e18bcc577d49916742d1a094ab6f74","texts":[{"text":"\ud83d\udd25New #listing    \ud83d\udcab $CELO will be listed on LBank @CeloOrg     CELO is a blockchain ecosystem focused on increasing cryptocurrency adoption among smartphone users.    \u2764\ufe0f Details:https:\/\/t.co\/xd5owVxncQ    #crypto #Pos https:\/\/t.co\/4DCm3K5jzC"}],"tweet ids":[{"tweet id":"2f21b980132c4dc9d35cbca43c0d578f"}]}
{"twitter user id":"d592a8b8b25a8c81cc8e3ce098a55d6c","texts":[{"text":"$CELO next target 3.8 $ , 4 $   LET'S GO \ud83d\ude80 https:\/\/t.co\/koe01zr7ub"}],"tweet ids":[{"tweet id":"ce2899311d4aef01ad993a2bbadd4ce4"}]}
{"twitter user id":"d594fe4e950a64793bef133626dbe18e","texts":[{"text":"\ud83d\udd25A giveaway from @DopeWolvesNFT   \u2705Prizes\ud83c\udf39: 5 Dope Wolves #NFT (listed on @tofuNFT)  \u2705How to join:  1\ufe0f\u20e3Follow @oasisrosenews &amp;  @DopeWolvesNFT 2\ufe0f\u20e3Like, retweet 3\u20e3Tag 2 #OasisNetwork friend, comment $ROSE  \u2705End after 72h\u23f0 https:\/\/t.co\/q8BFEdjWHI"}],"tweet ids":[{"tweet id":"fa959e192cd38412cf3573f8bec1bb55"}]}
{"twitter user id":"d65b090e6e5dc93c4ac84250fd2aeb4c","texts":[{"text":"$KEEP \u2705  Increased 3.70% in 5.0 hour(s) \ud83d\udcb5 Price - 0.68900000 USDT \u23f1\ufe0f [2 Nov] - 02:43:55 UTC #KEEP #KEEPUSDT #CryptoBOT"}],"tweet ids":[{"tweet id":"c3c90ee6fdb4a7babeeca5e91d5f5279"}]}
{"twitter user id":"d859a6e5ca937a8bb611ef09a32bdd55","texts":[{"text":"$FTM     ... that's the tweet."}],"tweet ids":[{"tweet id":"3b0fe0b95019ee3b28c1ea5da8d3b634"}]}
{"twitter user id":"d879e14ce46d1f36cd3b53eb28e69b1c","texts":[{"text":"4\/x  @TAYC_DAO (arrogant youth circle) it\u2019s a small supply project with a working Rock Paper Scissors game where you can earn $NEAR. They aim to build a series of mini games where players can bet NEAR   With 75% game revenue distributed to their holders from the mini games"}],"tweet ids":[{"tweet id":"a87e476d5ef63ba2e1120517be324898"}]}
{"twitter user id":"d90607ce3cfcde64cd7692ea3da0adf4","texts":[{"text":"$COMP Nasdaq \ud83d\udcca\ud83d\udc40 About 180 more points down until Technology wipes out step 4 on the way to Step #5-6 IMO. Lower lows and highs. I\u2019m not touching Technology or Consumer related stocks. I am banking a few profits today, raising my cash position for dip buying. Have a good weekend https:\/\/t.co\/uk4XXpgjNM"}],"tweet ids":[{"tweet id":"847d69f82c5660d5f902300a88ce6f1b"}]}
{"twitter user id":"d921e1c10e9d4857a139fd3986a1a3d6","texts":[{"text":"@jaydee_757 $KEEP"}],"tweet ids":[{"tweet id":"9180180b86d6b248c962bf927a6f9d3d"}]}
{"twitter user id":"da28954f902efa3fea6cea6d4a2acad7","texts":[{"text":"$MIR 4H    So much for getting that retrace entry at 1.24...    Now to wait and see if it clears 1.60 to recheck the fib levels for another entry later. https:\/\/t.co\/FuFk61usId"}],"tweet ids":[{"tweet id":"484dee72e36995da9e2a1d9b5ff462b3"}]}
{"twitter user id":"da934dcd206f9a1a37fda4f428380a7d","texts":[{"text":"@Fwiz @YouTube @0xPolygon Good job I bought some $MATIC earlier"}],"tweet ids":[{"tweet id":"fc41750f69e4021bbae339fb169c2459"}]}
{"twitter user id":"dba37b39e1729e369674095e0e1a2c91","texts":[{"text":"Breaking Crypto News: $RLY #RALLY Why staying away from The Graph token may be a good idea despite its 38% rally https:\/\/t.co\/3rUXCnYmdy   #CWN #Crypto @AlgocryptoM"}],"tweet ids":[{"tweet id":"f0b79cd6bbb0a9f9be378a7b455b8f8d"}]}
{"twitter user id":"dc10ddcd58eab9fc9b1a488b8334056c","texts":[{"text":"#ONTO is excited to host a #giveaway with our ecosystem partner @harmonyprotocol! \ud83d\udc4f  \ud83d\udcb0 A total of 4,000 $ONE up for grabs!   \ud83d\udcc5 Event runs until Feb 20, 13:00 UTC  Complete all tasks in Gleam to share the REWARDS! \ud83e\udd11  Get started now \ud83d\udc47 https:\/\/t.co\/goWvY179mK https:\/\/t.co\/AajN0FzCJl"}],"tweet ids":[{"tweet id":"66f7251a8d554728237633d20549f38e"}]}
{"twitter user id":"dc3bd152168a9151d86ffd5ad423fe98","texts":[{"text":"@ProjectAyven   Our #NFT\ud83d\udc49Escape Game\ud83d\udc48 launches this Sunday \ud83d\ude80     \ud83c\udf81The first one to solve all puzzles wins a free NFT\ud83c\udf81    The next 99 receive the life-time role \ud83d\udc8eArrivant, which offers great benefits, such as an instant 2.5 $XCH pre-sale offer \ud83d\udc40    "}],"tweet ids":[{"tweet id":"c0917f19c0cebe86631d04d26e89426a"}]}
{"twitter user id":"dcda63a5675f0469e5a5373438ea7d17","texts":[{"text":"#CryptoNews Faraland Details $FARA Token Use Cases https:\/\/t.co\/SAv8WZrVXW"}],"tweet ids":[{"tweet id":"d178734518242b6e46eca6ca3041ebb0"}]}
{"twitter user id":"dd2b780eafc19e52d2d28459a4b663b8","texts":[{"text":"@anchor_protocol | $ANC    Another easy 20x gem on display once the market picks up, Rated B1 on https:\/\/t.co\/C2qqLdbgN8 the worlds leading crypto asset rating platform\ud83e\udd16     This gem can be deposited to create new governance polls, that can be voted on b"}],"tweet ids":[{"tweet id":"b6da6fa27c3fa1b6c46d7c7013fe4fe5"}]}
{"twitter user id":"e015ecc011d8e0414e2d5441289d0b9d","texts":[{"text":"@LiminalityNFT $HNS the Decentralized Naming System. Everyone owns their name on the DWeb \ud83d\ude0a"}],"tweet ids":[{"tweet id":"110ed54cef03544cf5932e40f30e957a"}]}
{"twitter user id":"e0e8346037e3408ab27f9534d79d382a","texts":[{"text":"@svantetobias @R2D3X @mikedemarais lmao ICANN is literally your king. They control the DNS root zone &amp; basically everyone in the ENS DAO (myself included) voted not to add TLDs unless granted by a DNS authority.  $HNS @NamebaseHQ is the only permissio"}],"tweet ids":[{"tweet id":"06cecde347d42fc4ec093905a034a92d"}]}
{"twitter user id":"e1ba8e30d5f37e3d1f6920eca76e4175","texts":[{"text":"Put your crypto to work on AscendEX with $XTZ!  Tezos smart contracts use formal verification, allowing them to be mathematically verified, reliable, and secure.   The process is simple: Hold and earn!   Stake @tezos on AscendEX.    https:\/\/t.co\/NLa1VwgoTU https:\/\/t.co\/KAuRhwqmbO"}],"tweet ids":[{"tweet id":"d09fa21548958b57d017d190171cc151"}]}
{"twitter user id":"e1c2d01849ed89cb6d2464e8041d6e65","texts":[{"text":"Burnquist Gold roadmap will be added to our .io website soon. Still time to give us some ideas\ud83d\udca1 #NFTCommunity #BurnquistGold $XTZ"}],"tweet ids":[{"tweet id":"b0895a728bdb11e9ad9218a17ee79747"}]}
{"twitter user id":"e21e92aff1e0c71b80cecd0d5ca3dd7e","texts":[{"text":"WTF is going on with #GameStop?  Is the NFT marketplace on $IMX or #LRC.  Both are claiming victory.  https:\/\/t.co\/26nGTle5g0 https:\/\/t.co\/j0MI5t1QP1"}],"tweet ids":[{"tweet id":"45954a8aac8c38039b0bf6d943234068"}]}
{"twitter user id":"e247d30cf727ee6e7bf667f02d5a6e77","texts":[{"text":"@MattWallace888 $Aave"}],"tweet ids":[{"tweet id":"cf4aa1c156cfe9369b92a0b226425dbd"}]}
{"twitter user id":"e2921dd529f5cec636e4e2630b0ed4d5","texts":[{"text":"Public testnet has officially launched!  Shoutout to all the testooors from our private testnet who gave us lots of great feedback.   Head over to https:\/\/t.co\/5U31MjmsHn to test the product out for yourself!  https:\/\/t.co\/xas99fHRiw  #Algorand #xBacked $ALGO https:\/\/t.co\/fbyQDaZFhD"}],"tweet ids":[{"tweet id":"af479fb29161f05a7ca224e3b5b747bd"}]}
{"twitter user id":"e3647d84bbdc932fc2e214ab167ac477","texts":[{"text":"@faraland_io\u2019s $FARA token is for? Read the article to find out the different use cases of the native token.     #BSCNews #NFTs #PlayToEarn #Cryptocurrency #DeFi #BSC #BNB https:\/\/t.co\/FHyQAkP5yr"}],"tweet ids":[{"tweet id":"7dc0b0422f25e4667342b132b3577334"}]}
{"twitter user id":"e4dd971e7147eae779d17e1e28cea383","texts":[{"text":"$LRC Update: breaking out \ud83d\ude80 https:\/\/t.co\/MbtMPgqV7k https:\/\/t.co\/EqG67zym6Y"}],"tweet ids":[{"tweet id":"ce5242cf21e4cd70bf195cc9c1249d23"}]}
{"twitter user id":"e4e8005c529c6d523864f1abe29cdb55","texts":[{"text":"@TheMoonCarl \ud83d\udd31 Ethereum cofounder \ud83d\udd31 Christian Reitwie\u00dfner's project 'Truebit Protocol'   $TRU.    It's a different kind of scaling solution and is currently less than $1"}],"tweet ids":[{"tweet id":"c79045aca4f517cfed3761e93325669d"}]}
{"twitter user id":"e586e2ac646c1d50dcaf924e355a82e0","texts":[{"text":"CATS taking over \ud83d\ude40 #CHIA\ud83c\udf31 $XCH https:\/\/t.co\/u8gbJHxZGw"}],"tweet ids":[{"tweet id":"f9154c075bbcdc4e489b377d3b72b844"}]}
{"twitter user id":"e767957efc370ad4474fc07bcada14a0","texts":[{"text":"@CryptoHighNFT My low cap gem is $FARA #Faraland #FARA #VietnamBlockchainExpoverse #BSC #NFT #GameFi #Metaverse #BinanceBlockchainWeek #BNBchain https:\/\/t.co\/YYIdasvQ3Z"}],"tweet ids":[{"tweet id":"6327348bfff54233884da8fec95384fb"}]}
{"twitter user id":"e77984852c538b62882a32bc715ecd16","texts":[{"text":"\ud83c\udf99@Biswap_Dex x @faraland_io\ud83c\udf99  Live AMA Session - $200 in $FARA!  \u23f0 10:00 AM (UTC), 11 March \ud83d\udccdhttps:\/\/t.co\/wNZDzmkzxJ               \ud83e\udd3410 winners   1\ufe0f\u20e3 Like+RT 2\ufe0f\u20e3 Follow @Biswap_Dex &amp; @faraland_io 3\ufe0f\u20e3 Comment with a question about Faraland &amp; BEP-20 wallet  Ask to win FARA tokens! https:\/\/t.co\/T172fLJfKc"}],"tweet ids":[{"tweet id":"e6161ccd0d7d172b3d536ee74dd65f05"}]}
{"twitter user id":"e8d9ac5de7e4305c421b1b87e364b2b9","texts":[{"text":"Comfy as fck right now $FTM https:\/\/t.co\/iJOIfce5hF"}],"tweet ids":[{"tweet id":"ec98f5648ec869b96a5386d83ed154ac"}]}
{"twitter user id":"ea35bb9702dc04d9e03f7cc8e179b18c","texts":[{"text":"$ATLAS after game release 5$ and after 6-9 months target price will 35$-50$. Patience."}],"tweet ids":[{"tweet id":"6cb36498f305a63a9c49e12367083884"}]}
{"twitter user id":"ea4c7ddc5e81b520f127197c003bfa47","texts":[{"text":"Please get in touch with @get_delta, Internet Computer. Would really like to get my news via #DeltaDirect :) #internetcomputer #icp $ICP"}],"tweet ids":[{"tweet id":"290baeb9893df31e9a7ce52f9a281e00"}]}
{"twitter user id":"eae731557e866e9bd5adbff4cd76c4f4","texts":[{"text":"@Fibonaccious Have a look at $ATLAS, basically Strong on #FTM"}],"tweet ids":[{"tweet id":"5bf86913d776ce3f8771a36d8666e2c5"}]}
{"twitter user id":"ed9600d1db8f91b8e138b48c02464d2e","texts":[{"text":"#SOLGiveaway \ud83c\udf81  Sweet Apocalypse- a P2E on Solana  Prizes \ud83c\udfc60.2 $SOL \ud83c\udfc610 WL  Rules: \ud83c\udfe0Follow @sweetapocaIypse and me \ud83c\udfe0\u2764\ufe0f+RT \ud83c\udfe0Tag 3 frends  \u2b50\ufe0fBonus join Discord: https:\/\/t.co\/xTzh3jEp7e  48 hrs\u23f0  #NFTGiveaway #NFTCommunity #Solana  #NFTs #nftart #NFTCollection #SolanaNFTs https:\/\/t.co\/wKnzC7YKh9"}],"tweet ids":[{"tweet id":"d768436d13a01adfed6d4bc009e9c72b"}]}
{"twitter user id":"ef06e39eadc6a3f7f385428f1c7706be","texts":[{"text":"17-) #balancer WhitePaper Analiz?  $BAL Nedir? https:\/\/t.co\/400qaIkzRg"}],"tweet ids":[{"tweet id":"60278880a9ebead867b802c9bafc8326"}]}
{"twitter user id":"ef5a1a6ac6452c39d9b5dfebff96472b","texts":[{"text":"Check it out who followed to @faraland_io $FARA in Twitter!  @DavidNage, @IvanOnTech, @WarcMeinstein, @fomosaurus, @SmartContracter, @bitcoinPalmer, @antony_btc, @CryptoDiffer and many other!  Twitter Score is 15!\ud83d\udd25  \ud83d\ude80https:\/\/t.co\/Z1JekqJxB1   #BTC #crypto  via @CoinsGuru_io"}],"tweet ids":[{"tweet id":"639d82e71a8fc29496c92e47d3fd98d5"}]}
{"twitter user id":"f0425d74f6fb6642b1da8c266db2749e","texts":[{"text":"StellaSwap going live with #Fantom #ILO on 22 Feb, 4PM UTC \u26a1\ufe0f    Bridge your $FTM to @MoonbeamNetwork with no fees now to earn 10% discount on STELLA! \ud83d\udcb0    Bookmark the ILO page for later: https:\/\/t.co\/6WNIXk8XsX    #Fantom #ILO #FTM #StellaSwap https:\/\/t.co\/KTexjnDdih"}],"tweet ids":[{"tweet id":"30f27ac039a1fddbe4ebbeac11925017"}]}
{"twitter user id":"f089f7146e5ebc532bfff9a0774aaec6","texts":[{"text":"$BNT Crowd-sourced alerts, ranking system, and get paid being a top contributor.  https:\/\/t.co\/uOBGPrpijH"}],"tweet ids":[{"tweet id":"b1810d87b8d65e8aae9e88cea6a2dd11"}]}
{"twitter user id":"f2d6b2ea250e7fc9c5616d70ea46f9ab","texts":[{"text":"$ANC was always in business!!    Here are the numbers!    https:\/\/t.co\/X7CEQBp5mV"}],"tweet ids":[{"tweet id":"35a3de158c496f6308ceb75a1b55db42"}]}
{"twitter user id":"f3008012fdb21538322a856d235d40ca","texts":[{"text":"@0xFenrir @beaniemaxi Don't send out the bat signal or he'll come in and be like wow $LOOKS like I'm not the only bad guy."}],"tweet ids":[{"tweet id":"7aded5cdac7444e77de3c4e5e594e012"}]}
{"twitter user id":"f377b491693f344af895cd149532b86f","texts":[{"text":"@staratlas the only thing i have to do with my $ATLAS is dump it"}],"tweet ids":[{"tweet id":"bbd31871b503e3084eb77a6bd3e1acf7"}]}
{"twitter user id":"f3ea5b939696d64c0e70e5658b48c510","texts":[{"text":"$XCH For a limited time, we are opening our trading chatroom to the public.. Get access to chatrooms, stock alerts,, option alerts, portfolios, and more. https:\/\/t.co\/X1z4gkzJ5B"}],"tweet ids":[{"tweet id":"9a2dba037aad58f7e6554512f779d3eb"}]}
{"twitter user id":"f61be5ab8d89cfc24e954820e8220887","texts":[{"text":"Introducing our new protocol RNA Cash, that expands provide and more liquidity into the ecosystem that is pegged to $CRO.    Medium article: https:\/\/t.co\/vdIWIE1zem  Docs: https:\/\/t.co\/fqTID89aXf  Website: https:\/\/t.co\/7n41B4hRRV    #FFTB   #CRO   #DNADollar   #CronosChain  #CroFam  #DeFi https:\/\/t.co\/g1mXHoKhmP"}],"tweet ids":[{"tweet id":"1970e067c8d75e30b2b975133615a91d"}]}
{"twitter user id":"f6b70e7c51204d56d03407cd2ede18fa","texts":[{"text":"Drop your $BNB address"}],"tweet ids":[{"tweet id":"276c67309e3403b819c8a4cee0b2e2d7"}]}
{"twitter user id":"f6e6715134a4b671749f522b6e241b9d","texts":[{"text":"Every other coin:    1. White paper  2. IDO  3. Spend 5 years failing to build    $TRU (truebit is only in Uniswap) @Truebitprotocol:    1. Build Ethereum  2. Devs immediately move to $truebit  3. Spend 5 years building the core engine  4. Build dev community to begin dapps  5. Fair Launch https:\/\/t.co\/shhnFiRPZg"}],"tweet ids":[{"tweet id":"b94c30d3df43702a8aed492992de4296"}]}
{"twitter user id":"f7a355ef7503f91b53110ec30213ac1a","texts":[{"text":"&gt; Casually shilled $AR.  &gt; Ducks."}],"tweet ids":[{"tweet id":"8f27fa4588aa791b43377eacf98f735f"}]}
{"twitter user id":"f8467d4a9ad7a9c5ad779e86401e807b","texts":[{"text":"dWebGuide Jordan is back on #YouTube looking at #Decentraland, also known as $MANA! Decentraland has been getting a lot of interest about their #virtual land and #NFTs in the metaverse! We need to keep our eyes on MANA!     https:\/\/t.co\/eZEU7EnPCM"}],"tweet ids":[{"tweet id":"b91c744e59983e4130cc30d74ced42ed"}]}
{"twitter user id":"f84d9d632791c7d124dd7d36d643b0e4","texts":[{"text":"Contributions to the advancement of my humanity can be sent in #dogecoin $DOGE   #WWTankGirlDo #DoYouDareToDoge and #DoOnlyGoodEveryday    DCsgKVoZAqxBVKaLuVWevaPq7dsxrDreMa https:\/\/t.co\/6ZlHR0ZPb3"}],"tweet ids":[{"tweet id":"0db022a317a8439c047c3a99e5bc8ffb"}]}
{"twitter user id":"f8b42aec04919b67d2bdd9ffe66bfc22","texts":[{"text":"The situation is not much different...  $ILV support and resistance's \ud83d\udc40 https:\/\/t.co\/3473bygAJc"}],"tweet ids":[{"tweet id":"136f638bfe6b32a20a228764c0b3ca14"}]}
{"twitter user id":"f8f8e41f1bf11cc4855179ecc8504278","texts":[{"text":"PSA: #BlockFiCard holders can now earn rewards in $ALGO https:\/\/t.co\/gpScuGujuM"}],"tweet ids":[{"tweet id":"b3d61631948d108127009036c2af5b77"}]}
{"twitter user id":"f9d54f5fb2709dc31f001a7a14716605","texts":[{"text":"Is Aave a Good Investment?     https:\/\/t.co\/FCwZgdrDGf     $Aave"}],"tweet ids":[{"tweet id":"8086ad5ccc4e6cda5fa74931a515f44b"}]}
{"twitter user id":"fb3b59afb4074b3e4d90f3948061395c","texts":[{"text":"@GopalMa43762014 @EOS_Bees @EOSIO 3 December is flying date of $EOS"}],"tweet ids":[{"tweet id":"3d580d02f5fb095275d5c97006cf6f9d"}]}
{"twitter user id":"fb4fd2507397072de7a5eae52dca93ef","texts":[{"text":"So, 16 left!  Generative collection with 320 variations   1 $XTZ  https:\/\/t.co\/A5wQgISDEc https:\/\/t.co\/7zjcZZ8dSF"}],"tweet ids":[{"tweet id":"d873d8467c5d2881698951a9d6a62ce4"}]}
{"twitter user id":"fb53e845885552a6ccdf1dde579ddabe","texts":[{"text":"With $BNT on @VauldOfficial you can:  - Borrow \u2705 - Deposit \u2705 - trade with INR \u2705 - trade with USDT \u2705 - @BinanceChain integration \u2705  What are you waiting for? https:\/\/t.co\/oo61mCzyvw"}],"tweet ids":[{"tweet id":"2b81abbf059aa4a023625e278014e305"}]}
{"twitter user id":"fc6022a54378a307d2e409e2048de521","texts":[{"text":"$LOOKS almost at breakeven. Never doubted it for a second https:\/\/t.co\/1SgGKRoalt"}],"tweet ids":[{"tweet id":"8c9b61a4ca1c3365ff49701428b52992"}]}
{"twitter user id":"fe217719803e44c51bf34eae156384a0","texts":[{"text":"$MINA *Hey guys,, I've made $55K with them in a week,. by their alerts ...  https:\/\/t.co\/lV7jP89ASC"}],"tweet ids":[{"tweet id":"8ac39777cab8190fd91146c748c186ec"}]}
{"twitter user id":"fedf54cf9552bcd1d3748814dceff364","texts":[{"text":"$MINA *Hey guys, I've made $55K with them in a week,, by their alerts ....  https:\/\/t.co\/WCIegKOl1Y"}],"tweet ids":[{"tweet id":"8c4e5746e53f5029d94aef7365f6647c"}]}
